g,mY,gY,mU,kD,gU,b,bs,mUs
0.36039,0.125,8.6164,187.3748,53.4663,0.0062329,0.502534,10.459595,NA
0.42205,0.125,5.6805,102.3084,16.2894,0.0067136,0.286504,15.255365,NA
0.38067,0.125,2.896,64.4804,6.3194,0.0089819,0.37893,11.967175,NA
0.26037,0.125,3.7962,198.1388,63.6434,0.0038177,0.340587,6.438315,NA
0.34336,0.125,6.874,94.237,92.5187,0.0068116,0.129399,7.32525,NA
0.75251,0.125,8.4348,34.7228,42.0744,0.0063139,0.063152,13.52686,NA
0.74041,0.125,4.7778,143.202,53.8488,0.0083232,0.378853,11.64239,NA
0.40195,0.125,3.355,178.539,94.9569,0.0095463,0.483188,9.417775,NA
0.51225,0.125,7.59,145.0298,13.1919,0.007547,0.685668,2.710965,NA
0.46676,0.125,1.2882,196.5064,7.9239,0.0026218,0.918284,4.07767,NA
0.99586,0.125,0.4146,9.8396,72.3309,0.0009445,0.539341,7.953965,NA
0.77027,0.125,9.6988,56.598,2.3118,0.0080771,0.636359,3.69384,NA
0.52902,0.125,6.4426,199.3388,17.9335,0.0025116,0.043098,7.764815,NA
0.36252,0.125,5.8388,79.0642,83.1641,0.0031074,0.990122,6.0772,NA
0.70795,0.125,1.4964,169.8962,49.1104,0.0050758,0.711895,4.52193,NA
0.11006,0.125,2.0794,101.8288,88.1318,0.0031919,0.237344,15.36128,NA
0.69553,0.125,4.0638,166.5426,14.3927,0.0087809,0.961007,4.004265,NA
0.5057,0.125,3.1369,163.7736,6.4214,0.0093774,0.376522,5.730445,NA
0.59781,0.125,1.316,142.9928,85.9012,0.0033816,0.861099,15.0425,NA
0.19457,0.125,4.1122,155.9898,63.3725,0.0035471,0.146326,3.160045,NA
0.35292,0.125,7.9958,191.2114,60.6631,0.0008803,0.825831,8.77843,NA
0.61961,0.125,1.37,59.9212,22.4823,0.0017947,0.631329,2.14373,NA
0.81221,0.125,3.3843,190.6504,70.2848,0.0091881,0.758207,4.00328,NA
0.22577,0.125,5.5043,93.052,39.1979,0.0096751,0.026803,4.10507,NA
0.33031,0.125,1.8884,13.0324,24.5007,0.0008092,0.976356,3.278385,NA
0.04844,0.125,4.6462,33.2654,24.07,0.0009182,0.207682,0.650485,NA
0.28658,0.125,1.5357,93.0514,75.0985,0.0058998,0.163226,0.184335,NA
0.1094,0.125,1.0076,102.921,8.7497,0.0014205,0.910891,8.615315,NA
0.13621,0.125,3.6632,58.522,91.6113,0.0030459,0.462899,4.71475,NA
0.83446,0.125,9.2367,24.043,59.0258,0.0072623,0.239472,3.364565,NA
0.32986,0.125,8.4198,166.3926,61.5239,0.0095091,0.973795,5.358425,NA
0.1335,0.125,0.9332,184.0436,42.6859,0.006555,1.001483,5.8941,NA
0.29536,0.125,3.9746,187.029,95.875,0.0004209,1.076369,6.545265,NA
0.92948,0.125,5.9198,145.8524,98.8286,0.0055457,0.766353,13.510875,NA
0.42416,0.125,1.7914,5.1058,29.3212,0.0065088,0.791997,6.79487,NA
0.62405,0.125,5.7448,11.9606,87.444,0.0012741,0.346765,9.89806,NA
0.47113,0.125,2.3729,190.3796,91.0021,0.0042434,0.920614,15.19362,NA
0.57642,0.125,5.0597,30.6698,49.1275,0.0022179,0.850759,12.780015,NA
0.44478,0.125,2.733,105.4738,87.9363,0.0036124,0.246731,11.5269,NA
0.7005,0.125,8.885,30.8636,97.2894,0.0075822,0.488844,14.357935,NA
0.92918,0.125,3.2971,125.9076,84.0042,0.0057063,0.812532,3.444655,NA
0.98875,0.125,0.9258,160.2822,9.5688,0.0025209,0.023127,9.45447,NA
0.50567,0.125,1.0708,142.5554,40.6649,0.0090567,0.549902,4.7047,NA
0.66296,0.125,8.6874,185.5802,43.6113,0.0070805,0.472548,6.21819,NA
0.07591,0.125,9.6285,154.1398,90.066,0.0085254,0.704977,12.850525,NA
0.51064,0.125,6.3773,195.0412,76.7314,0.0008959,0.720962,6.671785,NA
0.53817,0.125,1.1212,180.2534,64.9329,0.0049345,0.11615,1.15028,NA
0.91317,0.125,7.371,163.7854,82.3908,0.0003258,0.693401,15.061025,NA
0.13925,0.125,2.8828,13.2368,66.0664,0.0040236,0.117979,2.97599,NA
0.121,0.125,3.697,17.8934,59.0239,0.0080333,0.431113,3.287295,NA
0.09607,0.125,7.7876,160.3478,63.0877,0.0087521,0.235993,4.269785,NA
0.20957,0.125,5.1988,65.5988,72.3825,0.0014396,0.657674,1.207405,NA
0.43814,0.125,7.2218,63.344,6.1871,0.0085642,0.354593,14.11046,NA
0.52341,0.125,2.1215,26.7826,56.273,0.0028187,0.247615,9.65197,NA
0.90428,0.125,0.6682,195.1998,36.2391,0.0061133,0.196025,4.37674,NA
0.44377,0.125,4.7525,39.2742,69.5582,0.0015148,0.967442,0.517815,NA
0.40633,0.125,5.1197,91.5038,43.7471,0.0043759,0.069474,11.948005,NA
0.72025,0.125,4.742,11.1818,48.6792,0.0096819,0.030757,7.71286,NA
0.83149,0.125,8.8027,78.1684,88.2256,0.0039487,0.586738,14.97037,NA
0.36324,0.125,8.2627,27.4996,43.6097,0.006673,0.898992,11.999765,NA
0.1863,0.125,7.0367,110.8634,37.8583,0.0018973,0.80394,15.103475,NA
0.26112,0.125,6.6772,159.6698,69.6418,0.0058989,0.039893,15.63989,NA
0.38147,0.125,3.8134,32.6514,28.2713,0.0083113,0.166184,13.63406,NA
0.11542,0.125,6.5272,40.3928,50.5217,0.0021403,0.828009,0.19497,NA
0.77995,0.125,0.1947,30.1276,96.9163,0.0091841,0.882466,14.49117,NA
0.47307,0.125,5.7352,197.114,41.0409,0.0050817,0.090916,13.349415,NA
0.34662,0.125,6.8216,189.299,74.8455,0.0080662,1.063057,10.288,NA
0.71061,0.125,9.8331,191.6088,57.5718,0.0098715,0.366693,3.08518,NA
0.47705,0.125,1.0527,127.6988,47.5295,0.0046364,0.023165,3.07055,NA
0.89741,0.125,3.3365,97.5766,11.3309,0.0058895,0.919379,7.234765,NA
0.74601,0.125,3.9874,34.2498,33.1766,0.0082189,0.573098,14.701925,NA
0.52686,0.125,8.851,79.2906,9.8852,0.005635,0.247993,5.097455,NA
0.16776,0.125,1.0153,165.3104,88.1949,0.0016271,1.001957,7.56116,NA
0.97306,0.125,2.5557,79.5354,61.1275,0.0009631,0.004625,9.65133,NA
0.36303,0.125,1.5384,61.613,85.0353,0.0061626,0.070438,2.124145,NA
0.66206,0.125,2.6353,158.9238,88.0532,0.0068461,0.003334,2.82402,NA
0.00477,0.125,6.0927,50.224,24.5322,0.0076322,0.967867,10.278765,NA
0.6661,0.125,1.1059,25.9568,66.8711,0.0032699,0.350338,13.730055,NA
0.26682,0.125,9.8634,141.6834,5.75,0.0031452,0.916069,1.688345,NA
0.47594,0.125,8.6641,107.9644,41.4955,0.0084813,0.328137,2.77441,NA
0.746,0.125,9.8302,118.8094,13.001,0.0048965,0.091343,9.312055,NA
0.60617,0.125,7.909,121.6894,70.2511,0.0094381,0.896848,8.024365,NA
0.55034,0.125,4.3846,2.3442,96.001,0.0016502,0.491454,15.29258,NA
0.48612,0.125,4.2667,139.4346,41.6475,0.0073632,0.731067,5.176615,NA
0.56389,0.125,9.9743,56.3688,99.8336,2.32E-05,0.977713,14.4261,NA
0.34584,0.125,9.0623,7.1138,30.8142,0.004298,0.389753,12.04624,NA
0.0052,0.125,3.1768,4.3472,48.4156,0.0066129,0.28942,7.989325,NA
0.86209,0.125,9.3778,70.7852,69.7113,0.0078086,0.372928,6.033455,NA
0.03413,0.125,9.4808,116.7764,36.6867,0.0063284,0.219244,15.216875,NA
0.94423,0.125,1.5491,129.2206,15.6681,0.0014185,0.318247,8.684155,NA
0.37328,0.125,9.1817,9.1422,48.5474,0.0073241,0.981977,5.77161,NA
0.28682,0.125,0.1442,172.892,68.7142,0.0098279,0.70345,1.467705,NA
0.09752,0.125,7.4601,113.4948,70.3656,0.0051234,0.23573,3.45505,NA
0.86588,0.125,9.9923,78.4012,47.0484,0.00207,0.476277,13.47466,NA
0.10681,0.125,8.1846,175.1906,9.1744,0.0014632,0.070495,9.369465,NA
0.92072,0.125,0.3774,94.4848,22.8361,0.0093104,1.008365,14.140895,NA
0.97327,0.125,0.0537,181.8592,11.5603,0.0037458,0.033366,10.86984,NA
0.4664,0.125,7.7739,22.1724,14.9128,0.0059582,0.033189,13.404275,NA
0.6064,0.125,9.1502,109.2838,17.5906,0.0080917,0.587758,5.44727,NA
0.60565,0.125,3.5141,136.4884,66.6654,0.0069465,0.280595,11.58143,NA
0.88659,0.125,0.7021,170.9202,10.0015,0.0018303,0.066535,10.703665,NA
0.29701,0.125,2.8663,175.6284,59.9284,0.0019938,0.054472,1.392955,NA
0.3821,0.125,0.2337,15.2104,24.5714,0.0085589,0.680886,6.905565,NA
0.01685,0.125,9.0676,164.3214,40.8162,0.0019827,0.423194,11.22687,NA
0.0757,0.125,5.2701,163.6962,96.8913,0.0001282,0.568743,2.93471,NA
0.95191,0.125,7.2788,33.9082,99.5556,0.0038,0.164214,15.227955,NA
0.67148,0.125,0.3274,194.8646,27.388,0.0012899,0.13852,0.62868,NA
0.4095,0.125,9.2377,148.7792,5.195,0.009228,0.869621,10.75963,NA
0.42839,0.125,7.8216,144.3448,6.9096,0.0046084,0.091367,2.61099,NA
0.07459,0.125,3.2047,138.5922,56.9379,0.0077751,0.416205,3.68317,NA
0.41485,0.125,9.9862,106.9302,55.7159,0.0079293,0.008021,14.99251,NA
0.16075,0.125,5.8178,194.6916,60.0895,0.0073198,0.810944,1.92389,NA
0.05517,0.125,1.5943,192.0274,45.9426,0.0013453,0.437959,2.533165,NA
0.98529,0.125,6.056,154.0136,95.981,0.0098116,0.377212,12.234495,NA
0.348,0.125,9.4511,105.7422,41.293,0.0058689,0.06811,5.827105,NA
0.39101,0.125,4.2868,114.3666,57.5678,0.0083849,0.088144,4.38795,NA
0.27638,0.125,1.444,36.9706,52.7863,0.0042603,0.901467,4.45822,NA
0.97264,0.125,5.7351,141.287,74.2657,0.0049719,0.318415,2.162685,NA
0.77301,0.125,1.4851,76.1318,16.6542,0.0039893,0.526189,12.133775,NA
0.08274,0.125,2.2604,152.1348,83.4678,0.00906,0.253295,1.80228,NA
0.31323,0.125,6.724,136.5468,84.069,0.0062643,0.768279,3.5636,NA
0.98548,0.125,7.0222,78.775,74.1502,0.0014525,0.677876,14.3073,NA
0.73465,0.125,2.6469,74.4224,19.2979,0.0034534,0.332961,7.524415,NA
0.84462,0.125,0.4506,108.7338,13.8042,0.0051547,0.08027,5.619665,NA
0.6306,0.125,5.3037,195.6368,99.7073,0.0072714,0.675801,12.47038,NA
0.5411,0.125,3.386,93.1944,89.5357,0.0032899,1.016561,7.846085,NA
0.9403,0.125,3.7671,108.3832,27.6452,0.0037343,0.499485,6.0631,NA
0.48389,0.125,4.5196,47.0132,61.6221,0.0077609,0.88772,1.594085,NA
0.36703,0.125,6.3536,18.0912,56.5185,0.0095922,0.891969,14.43452,NA
0.0091,0.125,1.5769,17.892,5.0444,0.0018674,0.478817,9.518385,NA
0.6969,0.125,7.8959,5.934,91.819,0.0070854,0.655579,10.126015,NA
0.79908,0.125,4.384,105.559,10.6556,0.0039155,0.628263,14.23279,NA
0.8731,0.125,4.6235,10.3908,75.3299,0.0032346,0.90425,0.478795,NA
0.12559,0.125,9.4129,123.8122,75.3812,0.0015718,0.526473,3.999655,NA
0.03866,0.125,0.8304,102.7286,81.8844,0.006752,1.075982,0.375895,NA
0.52949,0.125,8.1938,171.3686,65.0964,0.0089162,0.896309,2.746195,NA
0.15413,0.125,1.1673,49.5068,29.88,0.0098666,1.036867,7.49053,NA
0.80105,0.125,5.3416,23.0812,52.0439,0.006689,0.576593,1.206565,NA
0.81889,0.125,0.8671,155.5626,7.8768,0.0063853,0.730297,11.852745,NA
0.60257,0.125,2.6075,182.0656,57.0816,0.0071241,0.396691,9.045965,NA
0.69165,0.125,6.6651,154.9706,24.4351,0.0027393,0.962463,1.13539,NA
0.82422,0.125,2.3557,179.8688,70.2298,0.0026268,0.086194,3.786365,NA
0.92092,0.125,0.5205,31.1148,71.3007,0.0057897,0.114257,12.05971,NA
0.42226,0.125,7.0583,71.586,65.1015,0.0085162,0.771379,0.274305,NA
0.95528,0.125,4.8039,0.4046,96.1482,0.007386,0.681914,7.54301,NA
0.33902,0.125,6.7496,82.065,76.5098,0.0069271,0.148416,10.176485,NA
0.02813,0.125,3.0636,153.6602,79.5148,0.0030118,0.876277,0.580375,NA
0.36326,0.125,9.1441,49.4488,99.2077,0.0034878,0.003875,8.657285,NA
0.30489,0.125,7.485,90.269,59.8066,0.0024194,0.202822,2.861665,NA
0.87086,0.125,6.2859,15.0118,61.2892,0.0053115,0.72229,15.56562,NA
0.30259,0.125,8.0182,58.2958,28.1938,0.0067972,0.763128,13.21248,NA
0.3736,0.125,0.6836,99.5568,5.1157,0.0034331,1.018326,7.810865,NA
0.18664,0.125,6.3154,122.6428,4.866,0.0001171,0.688264,11.54664,NA
0.30054,0.125,4.0035,160.3052,2.4999,0.0002941,0.936042,6.554545,NA
0.03644,0.125,2.466,123.8056,58.8423,0.0017926,0.562992,1.625435,NA
0.15146,0.125,6.2881,109.3412,11.6633,0.0020575,0.621805,12.569515,NA
0.53723,0.125,0.5803,24.4128,38.3265,0.0077599,0.356062,0.93532,NA
0.51904,0.125,3.7875,141.501,23.1819,0.0029593,0.28848,11.92997,NA
0.56972,0.125,4.0536,128.549,4.4285,0.0088053,0.556817,12.093005,NA
0.86173,0.125,4.9759,138.5554,64.7076,0.0073757,0.062287,8.79544,NA
0.7503,0.125,2.2303,73.6772,27.2405,0.0095452,0.207995,0.14544,NA
0.71611,0.125,8.571,90.5532,29.6018,0.0088322,0.716743,14.693875,NA
0.50538,0.125,7.4308,10.53,20.8686,0.0097601,0.744354,13.00133,NA
0.39571,0.125,6.7576,181.185,70.14,0.0060784,0.81564,15.030605,NA
0.34757,0.125,3.3758,193.4516,32.611,0.0037979,0.476931,0.79392,NA
0.35618,0.125,8.267,148.6368,67.3732,0.0004197,0.077853,15.167635,NA
0.97448,0.125,0.4173,93.7516,61.7445,0.0013577,0.640171,4.89446,NA
0.51145,0.125,7.7474,158.9502,52.1816,0.0090277,0.374046,9.50201,NA
0.66336,0.125,9.7244,49.8442,45.9245,0.0085229,0.193847,11.999555,NA
0.14191,0.125,1.8044,13.2018,78.9763,0.0058648,0.310334,9.58445,NA
0.58256,0.125,7.5485,24.4732,57.4553,0.0072586,0.147264,9.30976,NA
0.2421,0.125,8.9457,193.4856,49.8051,0.0078,0.348487,0.59867,NA
0.40028,0.125,7.3068,61.2584,36.1201,0.0047852,1.013198,3.451665,NA
0.28065,0.125,4.9085,191.7262,14.2602,0.0054329,0.414875,12.027935,NA
0.65121,0.125,5.6831,148.4434,3.128,0.0067042,0.039654,0.693825,NA
0.21507,0.125,7.1966,45.2712,67.1076,0.000121,0.892011,1.212195,NA
0.27934,0.125,8.9579,107.767,50.4372,0.0085428,0.165414,6.89394,NA
0.33794,0.125,2.7501,30.8492,55.8126,0.0082813,0.019418,7.7767,NA
0.8172,0.125,2.9264,29.1264,59.6954,0.0041143,0.215115,13.518225,NA
0.15539,0.125,7.6977,23.7112,99.2566,0.0051831,0.639554,13.44587,NA
0.62849,0.125,7.8779,18.7582,94.7653,0.0044377,0.366479,6.17233,NA
0.43656,0.125,4.3918,74.7512,86.1134,0.004022,0.909653,12.309855,NA
0.02299,0.125,8.0326,94.5818,22.356,0.0002034,0.09825,4.74863,NA
0.84826,0.125,2.6978,114.0108,38.9088,0.0075296,0.868123,8.610225,NA
0.84019,0.125,5.8378,84.0126,82.0627,0.0070327,0.456215,6.903415,NA
0.1059,0.125,8.4585,140.5884,77.8136,0.0021654,0.582376,1.938865,NA
0.36947,0.125,5.0893,39.5508,31.5543,0.0006351,0.77608,13.86178,NA
0.71822,0.125,1.7221,150.7224,9.408,0.0075129,1.034071,8.537135,NA
0.13881,0.125,1.4833,110.915,0.8109,0.0031065,0.338012,11.605135,NA
0.15225,0.125,3.5761,155.7906,73.2475,0.0086481,0.155745,6.94364,NA
0.44668,0.125,7.2444,196.7026,1.6394,0.0021415,0.817085,13.50129,NA
0.06479,0.125,4.385,193.9878,80.9064,0.0067799,0.730353,6.55209,NA
0.65197,0.125,6.3016,91.4386,15.1767,0.0024883,0.76937,7.866005,NA
0.85424,0.125,5.1969,151.1856,20.5226,0.0039556,0.514081,9.05963,NA
0.63096,0.125,1.8194,164.3362,11.3964,0.006693,0.208555,2.03082,NA
0.69549,0.125,5.4484,164.3198,15.6438,0.0037223,1.006783,9.20243,NA
0.87345,0.125,1.597,18.7022,15.629,0.0016663,0.040848,2.19603,NA
0.54135,0.125,6.1801,189.9774,1.6598,0.0005711,1.050056,8.329825,NA
0.36728,0.125,6.7404,127.9468,44.667,0.0069224,0.097711,4.92014,NA
0.04988,0.125,1.7832,125.4178,88.7596,0.0075627,0.134794,2.3658,NA
0.64211,0.125,4.6785,24.781,37.8843,0.0030927,0.804145,10.509165,NA
0.49463,0.125,8.3144,64.3986,96.7624,0.0084936,0.733628,13.36651,NA
0.45087,0.125,5.6424,198.9828,26.2734,0.0085239,0.457037,6.375425,NA
0.31641,0.125,5.5483,59.184,88.2987,0.0030917,0.730952,8.72499,NA
0.36751,0.125,1.6613,133.6872,89.5337,0.0042717,0.356123,14.95253,NA
0.56523,0.125,0.1659,58.8488,10.1666,0.0036613,0.537156,6.39852,NA
0.16914,0.125,1.4641,88.511,47.3988,6.33E-05,0.262899,8.72096,NA
0.90416,0.125,3.5421,155.5936,11.8499,0.0026561,0.487727,9.54364,NA
0.30486,0.125,6.5412,72.6814,4.0647,0.0055886,0.700741,13.97481,NA
0.05014,0.125,1.6116,70.8632,73.7901,0.0007365,0.862954,8.894675,NA
0.24149,0.125,3.3618,58.5874,76.2157,0.0019378,0.145546,12.595975,NA
0.32,0.125,5.8089,184.97,91.2121,0.0063064,0.050901,1.908505,NA
0.60117,0.125,6.5017,1.2834,73.3741,0.00873,0.249579,1.59494,NA
0.96191,0.125,9.6167,185.4366,54.2018,0.0032978,0.686195,14.66266,NA
0.66249,0.125,7.6345,69.1526,86.0722,0.0009774,0.084213,15.162445,NA
0.93334,0.125,1.9705,22.3338,41.8459,0.0050372,0.094197,13.97788,NA
0.09761,0.125,2.0542,133.7,48.1151,0.0048964,0.908043,5.129115,NA
0.64176,0.125,5.0196,177.6514,45.1541,0.0081757,0.801294,11.00949,NA
0.16191,0.125,3.1455,165.755,48.9471,0.0004806,0.092976,1.624575,NA
0.00545,0.125,6.2667,184.973,87.5493,0.0084998,0.739073,10.84239,NA
0.94044,0.125,7.7382,45.2872,13.2885,0.0091844,0.749408,1.868095,NA
0.64613,0.125,6.5413,6.9738,68.0318,0.0009461,0.024807,7.69411,NA
0.01865,0.125,2.0724,111.9696,21.8374,0.0061851,0.343512,9.981515,NA
0.91244,0.125,8.4154,18.7014,59.2091,0.0029816,0.356605,0.92367,NA
0.07472,0.125,2.9579,22.88,19.7281,0.0016501,0.89797,12.304645,NA
0.75937,0.125,6.0644,56.634,52.5821,0.0039145,0.671718,1.79706,NA
0.67654,0.125,2.4252,121.3228,28.2902,0.0005422,0.237186,12.608185,NA
0.08954,0.125,4.2228,177.2264,91.7573,0.0078311,0.950573,9.21306,NA
0.14653,0.125,1.5226,172.3366,38.357,0.0089004,0.870277,14.047725,NA
0.13847,0.125,4.5885,89.5614,67.9505,0.0075359,0.142133,11.72599,NA
0.75314,0.125,6.9482,10.9274,39.2829,0.0040181,0.553968,9.7987,NA
0.71385,0.125,1.8221,73.205,3.6705,0.0090709,0.126601,5.684305,NA
0.34985,0.125,9.1654,68.2198,56.6508,0.0063538,0.579034,1.743075,NA
0.05689,0.125,2.853,140.7562,67.8518,0.0019852,0.163749,6.81069,NA
0.13653,0.125,4.0776,13.22,67.4943,0.0085618,0.103559,10.5117,NA
0.65466,0.125,8.3407,121.0808,58.0572,0.0046181,0.810459,2.559015,NA
0.16704,0.125,1.8787,45.3968,21.454,0.0038871,0.733714,3.302785,NA
0.56761,0.125,7.6423,136.271,66.2961,0.0012797,0.548157,13.216005,NA
0.49184,0.125,6.9975,39.7674,62.4682,3.21E-05,0.685827,15.23504,NA
0.78019,0.125,2.9307,36.2422,14.3102,0.0034678,0.492322,7.361435,NA
0.99822,0.125,7.0365,163.3448,48.9807,0.0053978,0.174711,1.5824,NA
0.04795,0.125,5.5989,110.858,37.2703,0.0008676,0.317018,7.119745,NA
0.23151,0.125,3.9842,122.2136,1.4598,0.0026363,0.473945,0.932365,NA
0.70107,0.125,7.8152,166.49,4.0593,0.007809,0.225307,2.40485,NA
0.56173,0.125,3.24,137.4508,84.4575,0.0076276,0.258197,6.17111,NA
0.09724,0.125,3.984,112.6244,92.2324,0.005406,0.312594,12.28349,NA
0.00345,0.125,3.921,176.0074,51.332,0.0009288,0.507484,2.870025,NA
0.73469,0.125,3.7398,56.3452,62.2371,0.0078165,0.745996,5.73816,NA
0.44339,0.125,5.3987,77.6442,82.2999,0.0024909,0.375096,11.356,NA
0.3583,0.125,4.6968,116.827,47.9545,0.0042278,0.228005,0.94747,NA
0.5105,0.125,8.8624,42.5998,71.1258,0.0020764,0.756599,4.92549,NA
0.12706,0.125,1.3654,153.9964,20.2413,0.0041369,0.751193,2.50548,NA
0.3146,0.125,0.5434,170.4484,31.2316,0.0027467,0.426476,2.762265,NA
0.41709,0.125,8.4077,127.2206,3.9937,0.0064494,0.460423,10.576555,NA
0.15432,0.125,3.9192,40.4432,97.9285,0.0096959,0.503064,0.105905,NA
0.2206,0.125,0.6855,179.2278,11.9343,0.0075754,0.201403,12.20892,NA
0.07376,0.125,8.2523,58.249,54.9203,0.0065244,0.414074,3.25655,NA
0.04343,0.125,7.5471,132.0684,64.2431,0.0086482,0.161721,5.82926,NA
0.77433,0.125,1.9014,23.206,50.1601,0.0058409,0.276753,0.08483,NA
0.9968,0.125,6.1148,40.587,56.4751,0.0098292,0.17518,9.99905,NA
0.90006,0.125,6.7566,31.996,70.6357,0.0097448,0.651257,1.054925,NA
0.77308,0.125,8.0311,123.9726,42.3878,0.0087671,0.671858,2.43787,NA
0.15645,0.125,9.8314,5.6028,65.602,7.13E-05,0.682514,7.71087,NA
0.06129,0.125,6.8041,148.4932,66.2362,0.0076014,0.329384,15.20553,NA
0.82993,0.125,8.3526,197.7628,68.7184,0.0057828,0.873346,0.162835,NA
0.17705,0.125,5.2575,3.7,37.6224,0.0085184,0.526167,13.356185,NA
0.92592,0.125,1.1922,56.7046,72.9936,0.0012312,0.168403,1.126935,NA
0.32636,0.125,4.9616,13.0178,7.7356,0.0052627,0.432974,6.469635,NA
0.21461,0.125,6.8797,13.9466,31.161,0.0060487,0.655801,3.336465,NA
0.57392,0.125,2.6333,182.5462,20.2699,0.0004281,0.268334,4.51479,NA
0.63225,0.125,7.2876,105.6742,99.0116,0.0009798,0.302158,8.9796,NA
0.75975,0.125,2.7489,80.8666,3.4741,0.0082115,0.5676,3.863405,NA
0.84294,0.125,1.4686,152.9894,94.282,0.0095718,0.184013,2.12764,NA
0.40995,0.125,5.0292,182.822,44.1192,0.0071735,1.019617,8.85405,NA
0.51188,0.125,0.0553,113.3326,40.3287,0.0054943,0.327747,13.251015,NA
0.71589,0.125,3.9191,62.521,31.8045,0.0005007,0.024517,0.382115,NA
0.2457,0.125,0.149,159.6956,4.4977,0.0029901,0.560555,15.314245,NA
0.16555,0.125,0.8968,139.7532,64.5011,0.0008507,0.487471,9.40798,NA
0.26797,0.125,8.0366,138.5938,71.0191,0.0086122,0.711451,7.014185,NA
0.85272,0.125,9.4962,166.5278,37.6041,0.0046256,0.846858,14.103805,NA
0.25388,0.125,7.2519,42.2776,54.9815,0.0058077,0.854351,7.517965,NA
0.98816,0.125,1.0922,40.576,88.195,4.29E-05,0.886235,15.241385,NA
0.57734,0.125,9.0837,7.0858,32.6123,0.0040478,1.050423,2.13165,NA
0.69435,0.125,5.6904,50.5138,42.9939,0.0043308,0.801185,11.709695,NA
0.87605,0.125,3.2804,139.4466,40.3961,0.0060804,0.403724,7.35776,NA
0.04223,0.125,1.8302,173.651,22.4828,0.0014156,0.228593,10.586735,NA
0.44857,0.125,8.8399,6.3158,25.8499,0.0058272,0.589112,8.91727,NA
0.94767,0.125,5.4799,157.171,53.9622,0.0092216,0.774605,11.57757,NA
0.15667,0.125,2.0706,123.3156,78.3163,0.0084638,0.584418,10.883525,NA
0.36421,0.125,8.841,75.3194,38.6748,0.0086941,0.483429,3.33967,NA
0.22844,0.125,6.6638,60.0312,39.4921,0.0033887,0.017853,7.60203,NA
0.21679,0.125,6.1553,56.8068,77.5764,0.0096249,0.334081,13.281105,NA
0.65904,0.125,5.4788,82.7596,86.3249,0.0061049,0.485475,2.50381,NA
0.45178,0.125,8.7893,190.9938,16.2102,0.0089949,0.637396,9.640255,NA
0.98676,0.125,8.6968,22.813,64.3462,0.0057015,0.01507,2.77892,NA
0.32804,0.125,7.7532,134.8994,36.0062,0.0085457,0.675916,8.902595,NA
0.49533,0.125,9.1419,136.1908,61.1703,0.0087308,0.719061,13.94075,NA
0.13099,0.125,1.3677,41.0302,73.4966,0.0039809,0.144389,12.298535,NA
0.72708,0.125,1.8914,67.3248,73.4949,0.0009323,1.063571,13.139775,NA
0.08237,0.125,8.6749,67.9538,86.1391,0.0090908,0.819873,5.05732,NA
0.6967,0.125,8.0929,50.8324,63.7126,0.0023457,0.713817,13.84015,NA
0.40308,0.125,9.441,24.101,88.6119,0.0009222,1.003961,14.14715,NA
0.47104,0.125,0.3722,26.04,30.4319,0.0008722,0.198112,11.36456,NA
0.34407,0.125,7.0331,45.7532,20.3184,0.003369,0.345736,11.36129,NA
0.75876,0.125,8.8878,93.5468,22.4188,0.0085498,0.439662,8.482175,NA
0.39949,0.125,0.556,120.0028,84.3247,0.0028136,0.634047,5.980445,NA
0.52695,0.125,0.0125,104.2522,51.5682,0.0066732,0.139993,11.458505,NA
0.83694,0.125,4.1321,48.1372,80.8663,0.0076845,0.735943,9.836055,NA
0.026,0.125,4.1291,40.3052,53.4646,9.50E-06,0.391089,5.18692,NA
0.30099,0.125,8.3014,25.6492,93.4183,0.0002287,0.091504,14.94464,NA
0.35792,0.125,6.6599,159.7896,57.359,0.0091622,0.715034,4.282965,NA
0.75759,0.125,0.3588,79.3338,16.6736,0.0045919,0.29418,10.164555,NA
0.15959,0.125,0.854,174.4414,60.3872,0.0020558,0.79473,2.05261,NA
0.00954,0.125,1.1641,193.9562,67.1551,0.0012261,0.934902,5.142615,NA
0.32895,0.125,4.4829,188.0538,92.0559,0.0044727,0.268342,10.61933,NA
0.25704,0.125,1.3928,9.7098,33.1407,0.0081186,0.038566,13.86996,NA
0.74977,0.125,3.3194,31.415,30.0804,0.0003882,0.755636,6.28382,NA
0.36757,0.125,1.272,23.5308,6.464,0.0011635,0.694466,1.4582,NA
0.98568,0.125,4.0251,104.133,19.8375,0.0062335,0.2699,9.475485,NA
0.61331,0.125,0.0042,82.4408,32.3996,0.0031346,0.462297,11.791915,NA
0.39411,0.125,0.175,132.1286,69.4376,0.0047465,0.297098,3.102275,NA
0.12401,0.125,6.1439,59.8428,3.4501,0.0098113,0.515612,9.541365,NA
0.14886,0.125,2.9846,177.148,52.6568,0.0037678,0.674656,1.20648,NA
0.18264,0.125,8.2228,196.303,45.0321,0.0034758,0.321267,8.572925,NA
0.53464,0.125,0.578,79.6036,58.4894,0.0056811,0.135175,8.142165,NA
0.98023,0.125,4.1497,141.4946,35.2399,0.0004812,0.471437,11.433235,NA
0.77617,0.125,8.0963,153.5884,41.5153,0.0043636,0.676433,15.597835,NA
0.9783,0.125,4.1326,59.3576,1.3477,0.0068593,0.666685,11.61333,NA
0.58519,0.125,9.5243,4.6896,23.5063,0.0072278,0.543799,1.497275,NA
0.39758,0.125,7.4283,88.94,58.0138,0.0025136,0.93471,1.79819,NA
0.35764,0.125,3.4601,51.9822,50.1047,0.0091297,0.112715,10.173675,NA
0.69061,0.125,5.2414,125.1382,55.8164,0.0028522,0.334489,14.796965,NA
0.28672,0.125,7.0212,48.4612,92.545,0.0010819,0.716545,12.683385,NA
0.41037,0.125,4.7841,65.5686,1.7769,0.0008043,0.492068,10.1114,NA
0.27848,0.125,6.3442,138.8732,5.1262,0.0010488,0.627857,15.0838,NA
0.11856,0.125,1.1446,78.7894,96.5415,0.0068994,0.018697,2.668435,NA
0.26702,0.125,0.9429,116.8148,19.8385,0.0040576,0.366012,6.59327,NA
0.54951,0.125,2.4985,71.2738,52.8306,0.0002301,0.975683,7.277415,NA
0.02063,0.125,4.6107,100.9788,47.8219,0.006313,0.139856,8.74137,NA
0.45831,0.125,2.5576,197.0212,35.3361,0.0026168,0.2461,6.488815,NA
0.13349,0.125,9.1032,168.084,31.7494,0.0084962,0.210479,13.801765,NA
0.62511,0.125,0.1637,149.7404,96.9011,0.0066806,0.192171,6.63665,NA
0.74442,0.125,8.7259,29.6032,52.4873,0.0078376,0.812588,14.127695,NA
0.18785,0.125,1.6329,20.081,83.7301,0.0037209,0.966898,9.28285,NA
0.80547,0.125,7.8058,3.6328,62.6311,0.0092614,0.795085,15.074405,NA
0.95174,0.125,3.531,180.135,0.3224,0.0096918,0.449854,14.943905,NA
0.57931,0.125,7.7436,57.4954,36.2344,0.0040075,0.207593,6.92079,NA
0.34766,0.125,2.4552,92.5396,39.7373,0.002639,0.456097,14.97131,NA
0.37424,0.125,7.7699,72.8652,98.4788,0.0071214,0.933766,13.056485,NA
0.01538,0.125,4.09,80.6986,66.7878,0.0001369,0.139802,3.063195,NA
0.00335,0.125,8.7383,61.3272,3.7163,0.001083,0.054599,11.867475,NA
0.86268,0.125,4.7719,54.6392,24.6725,0.006442,0.849521,6.982935,NA
0.01325,0.125,4.8402,165.7728,35.7314,0.0077962,0.310897,13.544625,NA
0.27037,0.125,7.8638,170.3626,50.3438,0.0044961,0.015149,9.21078,NA
0.4474,0.125,2.3497,144.549,81.0927,0.00458,0.898937,10.096825,NA
0.98991,0.125,1.7084,48.5606,79.3784,0.0062155,0.419523,3.43428,NA
0.27123,0.125,6.9236,123.006,59.5193,0.0090244,0.569893,2.272365,NA
0.61291,0.125,7.905,43.9884,70.3821,0.0001397,0.528355,8.14907,NA
0.26543,0.125,2.5554,89.1984,19.2621,0.0075475,0.839928,4.85855,NA
0.20502,0.125,8.3383,184.6306,69.4476,0.0052401,0.101758,1.775255,NA
0.68954,0.125,5.5475,101.1616,35.4936,0.0092878,0.999515,13.93671,NA
0.10742,0.125,3.6996,22.8532,39.7786,0.002964,0.550344,9.09066,NA
0.95674,0.125,4.0565,105.7218,79.4263,0.0070309,1.053185,4.760655,NA
0.15136,0.125,7.0457,113.0026,95.8713,0.0046729,0.594938,0.43629,NA
0.43882,0.125,0.4666,7.5366,81.1224,0.0094314,0.491876,0.402375,NA
0.52913,0.125,5.2562,181.0838,14.7749,0.0049028,0.183852,2.84437,NA
0.10901,0.125,4.2614,135.1562,64.4148,0.0078913,1.040947,2.136095,NA
0.42275,0.125,5.3055,90.6406,32.7406,0.0083455,0.681981,14.65737,NA
0.99558,0.125,5.3411,48.5834,61.2986,0.0040189,0.703134,6.022335,NA
0.80385,0.125,3.2938,40.3694,51.5892,0.0001106,0.418968,12.00678,NA
0.82475,0.125,3.6718,61.9402,1.6668,0.0039749,0.935622,7.36672,NA
0.25099,0.125,7.7407,16.2916,2.7173,0.0004715,0.528563,12.504195,NA
0.03803,0.125,4.1869,83.0398,27.0754,0.0099931,0.834224,14.79845,NA
0.04246,0.125,8.3518,48.4828,23.2783,0.006268,0.012934,12.247205,NA
0.19713,0.125,4.1529,16.4724,71.7388,0.0040927,0.751183,11.595235,NA
0.45091,0.125,7.7173,152.5164,28.6512,0.0081092,1.076096,0.76673,NA
0.35226,0.125,9.4757,33.0198,55.7153,0.008941,1.070287,9.634085,NA
0.88464,0.125,6.9422,125.7572,0.6198,0.0095872,0.198998,2.155205,NA
0.25013,0.125,4.0004,161.4232,93.9057,0.0033651,0.441303,13.21987,NA
0.2499,0.125,5.81,160.6104,7.4313,0.0045693,0.613713,2.254835,NA
0.2594,0.125,8.719,72.8782,65.8462,0.0039304,0.581893,7.416815,NA
0.28019,0.125,9.8221,40.6674,4.0334,0.0061138,0.762601,6.797685,NA
0.57511,0.125,9.17,4.0002,31.6565,0.0072979,0.419136,14.907885,NA
0.3236,0.125,7.825,39.3798,28.2109,0.0047221,0.924325,15.21513,NA
0.82592,0.125,6.4374,105.986,8.3296,0.0022184,0.459408,12.86279,NA
0.63457,0.125,1.0978,184.9238,63.5192,0.0057314,0.259967,13.73924,NA
0.62651,0.125,3.7094,175.058,63.7653,0.0048359,0.161477,1.218245,NA
0.71469,0.125,1.8019,195.9572,54.863,0.0027127,0.651839,4.575535,NA
0.12587,0.125,5.5143,183.9824,96.4993,0.008263,0.725838,8.04948,NA
0.76995,0.125,9.141,146.3276,0.1367,0.0060044,0.723317,15.373465,NA
0.71258,0.125,2.2652,4.7296,56.1816,0.0028911,0.064963,14.293295,NA
0.62093,0.125,9.9303,179.1848,19.5093,0.006713,0.890192,9.53404,NA
0.54746,0.125,2.2788,127.5022,6.3384,0.0093923,0.973797,5.406695,NA
0.26416,0.125,9.6262,38.0218,42.5624,0.0025287,0.08704,7.86543,NA
0.27933,0.125,6.9787,192.0878,10.6972,0.0076175,0.239523,8.57617,NA
0.90168,0.125,9.3741,21.3684,53.6211,0.0008263,0.941644,1.918695,NA
0.47878,0.125,7.0654,32.995,21.0446,0.0015902,1.01565,15.084015,NA
0.59175,0.125,4.3869,47.8818,94.5897,0.0040271,0.948447,11.03949,NA
0.5676,0.125,2.1183,130.061,75.3086,0.002589,1.025489,9.99579,NA
0.19539,0.125,1.6207,190.3982,92.1009,0.0072385,0.847811,13.757965,NA
0.14857,0.125,1.7712,138.1504,77.9428,0.0090339,0.163665,7.635355,NA
0.07077,0.125,0.9283,15.7332,17.0881,0.0025455,0.677798,12.707035,NA
0.65731,0.125,3.2166,63.3662,20.1302,0.0058112,0.959463,15.235795,NA
0.79108,0.125,9.5778,188.0906,89.9064,0.0084124,1.050619,11.199145,NA
0.77138,0.125,0.5858,13.9974,77.8383,0.0044065,0.670177,15.460055,NA
0.1015,0.125,4.5047,106.747,37.9618,0.0071916,0.535989,13.29804,NA
0.63153,0.125,7.5949,69.8054,6.808,0.0028179,0.533788,7.443675,NA
0.76247,0.125,3.9569,22.5556,68.0446,0.0063925,0.358921,8.737135,NA
0.36986,0.125,4.26,184.9226,0.6492,0.0029487,0.332651,5.02272,NA
0.56995,0.125,0.9808,146.8696,0.8969,0.0062012,0.939136,7.192525,NA
0.46668,0.125,4.9299,143.9478,76.1312,0.0066057,0.616889,8.39655,NA
0.58418,0.125,4.2021,15.0266,21.7714,0.0008184,0.528811,11.447465,NA
0.17425,0.125,2.964,92.19,16.0148,0.0097209,0.756194,6.16661,NA
0.45855,0.125,3.7009,164.2688,79.9719,0.0057493,0.396473,14.756275,NA
0.22555,0.125,2.1087,46.8182,57.7977,0.0065487,0.926134,13.7985,NA
0.25406,0.125,4.4869,40.4404,72.3342,0.0031805,0.549842,8.186885,NA
0.68585,0.125,5.2076,135.1114,13.2328,0.0012445,0.736954,12.058105,NA
0.93805,0.125,9.4482,76.3866,43.8695,0.0010818,0.361892,0.659875,NA
0.67474,0.125,2.1852,164.6764,69.2708,0.0001254,0.524427,15.45434,NA
0.91666,0.125,6.2156,27.2184,99.7358,0.0027671,0.395064,9.94596,NA
0.94064,0.125,9.1447,193.2614,12.0066,0.0068166,0.685724,12.525535,NA
0.64957,0.125,3.725,16.3822,21.3836,0.0051741,0.846686,6.82204,NA
0.72017,0.125,3.3033,41.2068,44.3834,0.0053724,0.651329,8.6333,NA
0.38436,0.125,2.7156,96.9416,27.809,0.007212,0.410835,2.83841,NA
0.07924,0.125,6.8403,55.581,74.5468,0.0044383,1.030635,6.79999,NA
0.06798,0.125,8.4538,31.7668,29.047,0.0048026,0.081684,1.22979,NA
0.05019,0.125,3.5615,178.6918,24.8483,0.0003279,0.116527,1.507665,NA
0.00542,0.125,5.6315,182.184,33.6423,0.0014196,0.773802,5.166475,NA
0.16284,0.125,1.0796,109.3204,29.6567,0.0083007,0.76269,9.638935,NA
0.3317,0.125,6.9793,14.8626,22.732,0.0086855,1.035879,12.748885,NA
0.14041,0.125,4.646,194.1398,83.3411,0.0003166,0.568848,11.1075,NA
0.42962,0.125,1.8369,141.3196,43.5943,0.0050476,0.178811,8.441585,NA
0.63236,0.125,4.8641,160.424,62.1811,0.0083991,0.120838,9.661945,NA
0.75092,0.125,2.61,157.5808,1.9293,0.0035327,0.778087,6.264685,NA
0.69688,0.125,3.1467,145.9358,9.6463,0.0006204,0.564033,13.190525,NA
0.99492,0.125,5.816,93.9388,96.2813,0.0027805,0.045894,0.12512,NA
0.97279,0.125,2.8776,134.9734,28.7133,0.0074451,0.111169,7.45691,NA
0.17708,0.125,7.5294,132.0502,3.136,0.002319,1.00942,7.44784,NA
0.8533,0.125,1.0458,191.5932,27.6588,0.0086445,0.175917,7.948205,NA
0.87832,0.125,8.9726,118.6952,87.7677,0.0005811,0.725376,3.27309,NA
0.36013,0.125,6.3364,0.7748,65.4792,0.0043366,0.396336,0.358885,NA
0.21247,0.125,8.6998,29.524,34.8684,0.0051367,1.042756,8.483755,NA
0.15355,0.125,2.7348,57.6626,57.3502,0.0024408,0.367066,0.99848,NA
0.95952,0.125,1.1884,175.3948,68.7001,0.0015618,0.079982,13.225175,NA
0.12202,0.125,1.0064,86.9882,6.3224,0.0095668,0.238794,13.02928,NA
0.72404,0.125,3.5039,191.4918,75.1141,0.0091301,0.450977,6.569095,NA
0.70164,0.125,2.988,155.8956,82.7744,0.0098717,0.17239,9.142465,NA
0.03126,0.125,0.2951,115.782,78.9387,0.0011113,0.982809,2.98714,NA
0.88022,0.125,6.6046,178.361,59.0371,0.0042703,1.014991,10.951305,NA
0.14393,0.125,3.1219,172.858,23.8985,0.0064038,0.402961,1.91124,NA
0.91783,0.125,1.4566,159.2484,45.3136,0.0033214,0.609866,12.78842,NA
0.41272,0.125,8.0054,64.3134,2.2906,0.0052666,0.512772,14.597685,NA
0.78814,0.125,8.7862,0.7224,24.3499,0.0062265,0.810054,13.152765,NA
0.03727,0.125,4.3795,122.105,5.346,0.001573,0.296779,13.66774,NA
0.76449,0.125,5.0852,137.5118,67.4385,0.0050939,0.623942,11.97989,NA
0.10716,0.125,1.7023,28.316,44.1241,0.0090093,0.244571,10.40646,NA
0.20748,0.125,4.4997,47.086,65.3483,0.009183,0.030226,4.774595,NA
0.60978,0.125,8.8067,193.9724,94.6415,0.0066594,0.161316,9.699425,NA
0.27249,0.125,3.8755,169.1682,83.9848,0.0021771,0.805935,11.49156,NA
0.18531,0.125,4.2835,114.4238,40.2138,0.0034168,0.550913,9.730605,NA
0.98978,0.125,7.0585,175.5712,27.3598,0.0090941,0.491363,2.253505,NA
0.69092,0.125,7.7664,194.8216,99.3445,0.0095898,0.388029,0.81506,NA
0.35848,0.125,3.2816,126.6126,27.8945,0.0068226,0.735264,14.420285,NA
0.08974,0.125,2.4671,192.571,2.5421,0.0067418,0.675662,15.44542,NA
0.41282,0.125,1.4943,76.5944,33.9585,0.0035383,0.345759,10.41567,NA
0.206,0.125,0.3281,21.0378,44.9601,0.0096306,0.468667,5.946785,NA
0.79035,0.125,5.2637,59.3154,9.5957,0.005479,0.478323,9.131215,NA
0.4161,0.125,1.4642,59.4816,71.7809,0.0060752,0.064224,10.572765,NA
0.26435,0.125,2.3033,52.815,97.4494,0.0086552,0.454253,13.16478,NA
0.30685,0.125,2.0207,115.2944,93.2282,0.0041707,0.507354,3.193385,NA
0.22906,0.125,0.6219,104.177,76.6137,0.0062351,0.554915,8.314975,NA
0.03597,0.125,7.8337,68.3784,31.9166,0.0065634,0.897405,5.19842,NA
0.54638,0.125,9.5911,99.9776,19.7402,0.0091219,0.526931,10.230985,NA
0.849,0.125,0.1068,9.2426,72.9906,0.0048098,1.023041,1.69981,NA
0.3722,0.125,6.0588,117.6386,53.3405,0.0062271,0.56307,1.16351,NA
0.07166,0.125,4.4355,94.4134,33.9361,0.0041453,0.886578,0.44964,NA
0.11802,0.125,2.0877,141.3334,45.4114,0.0069168,0.219234,4.579615,NA
0.88954,0.125,2.1304,97.0738,15.2604,0.0006897,0.953064,2.87362,NA
0.65978,0.125,2.0514,14.601,51.2088,0.003398,0.586704,4.139805,NA
0.06771,0.125,4.841,118.7846,40.3133,0.0001664,0.858617,9.805755,NA
0.57561,0.125,8.4305,74.7846,84.8978,0.0022111,0.477183,3.12614,NA
0.08731,0.125,2.1677,130.3228,59.9212,0.0009075,0.776598,11.35041,NA
0.31023,0.125,2.8481,107.4062,64.2164,0.0093388,0.01895,2.843795,NA
0.09892,0.125,6.2977,120.36,58.2924,0.0038411,0.193237,10.058385,NA
0.14329,0.125,9.0645,83.658,37.641,0.0087909,0.677918,9.825845,NA
0.16316,0.125,3.7347,175.4682,1.9898,0.0084267,1.04284,14.515965,NA
0.9942,0.125,4.8073,197.5984,67.815,0.0085312,0.085734,2.940395,NA
0.1374,0.125,8.4182,120.046,87.0406,0.0044944,0.475947,4.624915,NA
0.23858,0.125,1.0793,48.6906,79.6153,0.0024637,0.395066,7.53122,NA
0.79302,0.125,8.5603,67.0846,42.1787,0.0079452,1.004322,12.768655,NA
0.82072,0.125,4.7801,138.1572,75.5233,0.0046631,0.519243,11.832965,NA
0.27895,0.125,3.1408,168.0976,21.5477,0.0090856,0.959635,9.81653,NA
0.55067,0.125,2.0154,131.548,11.2228,0.0007285,0.638497,12.485935,NA
0.62053,0.125,9.5164,142.8202,37.406,0.0053918,0.726126,11.96633,NA
0.092,0.125,1.8276,120.796,27.2134,0.0022444,0.701567,10.212765,NA
0.62143,0.125,7.1473,62.974,79.0561,0.0048216,0.424114,12.28163,NA
0.46009,0.125,4.3131,48.5998,33.5715,0.0045761,0.948931,12.996615,NA
0.97947,0.125,4.8122,57.3496,37.6507,0.0025715,0.146513,5.533,NA
0.31414,0.125,7.5828,52.3778,88.824,0.0093005,0.020549,9.51193,NA
0.89693,0.125,2.023,54.7586,53.841,0.0037182,0.848881,10.85014,NA
0.16983,0.125,2.0593,113.2094,43.2956,0.0066069,0.658469,0.12484,NA
0.5986,0.125,8.1763,128.5436,20.6484,0.0019292,0.495609,4.84515,NA
0.9835,0.125,3.878,97.0956,55.856,0.0069243,0.155778,11.77393,NA
0.06792,0.125,3.1336,159.1316,40.9292,0.0094026,0.298022,0.80271,NA
0.72702,0.125,6.1039,51.491,69.3869,0.0008559,0.126194,14.553645,NA
0.99101,0.125,1.6029,66.751,67.0953,0.0082026,0.258766,4.16924,NA
0.83596,0.125,6.6162,25.6688,39.7245,0.0087606,0.905209,11.12111,NA
0.23767,0.125,3.6273,139.5498,69.2044,0.0031014,0.980192,13.273105,NA
0.35637,0.125,9.8277,26.8152,96.8582,0.0092713,0.995107,8.681625,NA
0.41963,0.125,7.8467,194.9632,5.3884,0.0093051,0.431582,5.261965,NA
0.79925,0.125,2.7133,166.6812,47.9526,0.0097322,0.50017,1.03883,NA
0.10852,0.125,1.7519,93.8398,20.4427,0.00864,0.487196,0.011785,NA
0.55527,0.125,6.0791,118.6756,19.3988,0.0023454,0.412241,13.856365,NA
0.48721,0.125,9.35,62.4732,24.5653,0.0006437,0.963471,11.98674,NA
0.05869,0.125,0.0377,6.144,43.6273,0.0021179,0.76175,6.510285,NA
0.80479,0.125,7.6199,124.9892,42.5746,0.0080092,0.625332,15.280845,NA
0.87201,0.125,7.5857,131.7502,5.4794,0.001564,1.04613,13.001165,NA
0.71462,0.125,4.4062,48.8776,87.2628,0.0077573,0.018759,4.83943,NA
0.32155,0.125,0.5561,178.4968,63.7621,0.0009162,1.068867,4.88891,NA
0.47394,0.125,0.2504,110.35,88.7935,0.0007543,0.913995,4.2629,NA
0.5782,0.125,3.9653,84.6112,12.3745,0.0071658,0.19427,9.27665,NA
0.76187,0.125,3.9843,151.0054,84.6428,0.003453,0.928288,14.1076,NA
0.99442,0.125,8.4327,149.7306,2.9068,0.0066512,0.195244,10.530615,NA
0.43424,0.125,1.0497,62.3852,4.9586,0.0069622,0.328373,7.54007,NA
0.23144,0.125,1.8402,193.002,33.3821,0.00683,0.86771,6.85374,NA
0.79269,0.125,4.7769,164.8894,24.4341,0.0025214,1.075711,0.95017,NA
0.85525,0.125,0.349,53.2842,4.7703,0.005823,0.580936,9.84256,NA
0.78566,0.125,5.4586,6.9336,13.4123,0.0039187,0.989802,0.69456,NA
0.79413,0.125,0.042,15.4086,22.7713,0.0088896,1.066193,15.090745,NA
0.89458,0.125,0.8098,5.5306,38.3646,0.0001831,0.753707,12.697495,NA
0.32814,0.125,6.5497,150.6122,84.5553,0.0065177,0.30078,15.435045,NA
0.51846,0.125,2.1959,113.3498,93.9719,0.002603,0.865939,1.188735,NA
0.10427,0.125,3.9089,118.9642,83.7072,0.0068241,0.326721,12.416915,NA
0.11201,0.125,1.8684,160.1666,45.7992,0.0024073,0.034313,6.112155,NA
0.97802,0.125,4.4672,20.1172,88.4585,0.0095743,0.245233,15.410505,NA
0.04278,0.125,4.2267,135.3768,9.7818,0.0092242,0.820474,13.86649,NA
0.8691,0.125,2.1918,180.2144,14.879,0.0071682,0.690715,5.07696,NA
0.74522,0.125,9.5789,170.038,94.8926,0.0062773,0.546722,5.52275,NA
0.7318,0.125,7.3109,187.269,48.3846,0.007849,0.243293,9.442635,NA
0.92581,0.125,2.2617,31.5232,65.1803,0.0015805,0.152083,13.333705,NA
0.54613,0.125,9.8958,113.2924,77.7132,0.0030015,0.681146,12.59035,NA
0.85508,0.125,5.1977,69.837,39.2637,0.0042616,0.397829,8.16789,NA
0.07372,0.125,6.1234,199.005,70.022,0.0093636,0.096019,10.76343,NA
0.01666,0.125,2.4258,186.0266,44.1882,0.0098003,0.811264,10.69497,NA
0.18526,0.125,0.0065,107.3018,8.0111,0.0004704,0.677744,2.84045,NA
0.99754,0.125,9.7735,145.888,42.8991,0.0090652,0.518546,15.61581,NA
0.13778,0.125,0.5782,14.3114,49.9509,0.0016405,0.836121,9.082645,NA
0.6001,0.125,2.4012,97.2158,97.3155,0.0004781,0.819935,11.42944,NA
0.48912,0.125,8.0129,45.6608,96.3278,0.0046492,0.674456,12.79629,NA
0.61124,0.125,9.4725,125.2672,40.9614,0.0061301,0.964542,14.622735,NA
0.47072,0.125,8.3739,158.5458,60.9775,0.0064128,0.766551,11.632325,NA
0.63876,0.125,6.5924,64.5606,23.76,0.0063729,0.210789,12.821795,NA
0.36641,0.125,8.7849,65.2294,78.3457,0.0013027,0.158425,6.04957,NA
0.3905,0.125,6.7248,22.3686,72.7954,0.0067683,0.036715,6.13912,NA
0.69055,0.125,6.4231,180.3276,30.8477,0.0082424,0.8957,7.97835,NA
0.08646,0.125,0.9823,9.2088,55.4895,0.0085658,0.307835,11.66708,NA
0.91969,0.125,4.1687,0.673,59.5019,0.0098026,0.130416,0.4855,NA
0.01901,0.125,7.563,5.0164,60.7288,0.0081908,1.024575,5.51618,NA
0.28058,0.125,8.6047,1.8524,15.3359,0.0017036,0.74537,11.50063,NA
0.66532,0.125,2.4768,79.5882,36.5299,0.0047399,0.628658,10.724875,NA
0.38591,0.125,9.2131,25.888,40.038,0.0003832,0.79627,8.299395,NA
0.79724,0.125,1.3255,100.9278,92.6509,0.0072764,0.885125,2.86637,NA
0.9396,0.125,9.5552,182.4066,15.7735,0.0087438,0.173194,15.143685,NA
0.27901,0.125,5.29,46.5556,15.4922,0.0034762,0.951424,4.855975,NA
0.07592,0.125,8.9713,178.6222,1.9962,0.0076794,0.908515,11.64679,NA
0.55259,0.125,4.4352,38.0714,59.734,0.008022,0.601973,9.987055,NA
0.74789,0.125,6.6441,115.1878,79.5987,0.0082436,0.696294,0.084485,NA
0.84427,0.125,9.895,149.1166,60.6062,0.0053452,0.973799,2.069395,NA
0.17054,0.125,2.4422,6.3066,41.2239,0.007582,0.407533,1.15772,NA
0.57885,0.125,7.0421,148.8082,78.8899,0.0016885,0.392503,5.610785,NA
0.70682,0.125,4.7979,163.7156,97.9034,0.0090915,0.654083,6.950785,NA
0.14139,0.125,2.7283,6.4532,33.1874,0.0017146,0.14538,5.693755,NA
0.28122,0.125,7.8794,136.5722,36.6141,0.0085788,0.177366,13.164045,NA
0.29109,0.125,7.4362,102.6304,57.5359,0.0066556,0.705195,1.57435,NA
0.66711,0.125,5.5558,35.1368,47.8964,0.0004902,0.410424,8.45156,NA
0.78837,0.125,8.0003,80.7126,20.3267,0.0076422,1.078222,0.23325,NA
0.78799,0.125,0.7809,42.67,39.2201,0.0082004,0.30658,15.343,NA
0.81274,0.125,4.549,70.8468,82.6805,0.0060292,0.287416,6.22449,NA
0.88654,0.125,4.2293,196.2984,35.0912,0.0007203,0.081985,7.476115,NA
0.56329,0.125,9.11,185.0624,80.5013,0.0023325,0.929521,6.1606,NA
0.75167,0.125,3.86,69.1724,23.5822,0.0087377,0.627418,13.474435,NA
0.42501,0.125,0.4024,109.731,5.0248,0.0003877,0.945539,13.99283,NA
0.78324,0.125,4.6882,69.6958,52.0208,0.0038951,0.871897,7.476055,NA
0.72569,0.125,6.9034,17.8854,50.9884,0.0029298,0.440615,14.13302,NA
0.69233,0.125,3.3723,170.1388,54.4955,0.0025266,0.783308,4.364015,NA
0.35676,0.125,6.2548,192.058,8.7335,0.0083231,0.640293,2.363125,NA
0.28888,0.125,8.224,124.76,52.7803,0.0044254,0.106416,3.883745,NA
0.72863,0.125,3.4944,35.6018,94.3904,0.0089561,0.992802,14.079995,NA
0.49156,0.125,6.6551,157.0304,67.4735,0.006663,0.559817,5.44825,NA
0.74538,0.125,5.9803,185.5334,89.1061,0.0095332,0.839671,4.7238,NA
0.73949,0.125,6.5494,195.388,92.8261,0.0001435,0.517846,8.144985,NA
0.2505,0.125,6.6603,195.1688,38.4486,0.0047733,0.780332,15.24595,NA
0.93737,0.125,1.2384,168.1816,31.5891,0.0065013,0.264354,1.41351,NA
0.95901,0.125,8.6943,151.2444,31.125,0.0056412,0.158452,4.796785,NA
0.56177,0.125,2.7343,125.8248,51.1578,0.0010821,0.069107,1.128975,NA
0.72504,0.125,0.5585,31.3462,77.6206,0.0008816,0.037964,4.95862,NA
0.86442,0.125,5.3697,159.1836,42.5522,0.0045751,0.101083,9.27932,NA
0.81757,0.125,1.9919,108.7646,74.222,0.00959,0.33126,12.15155,NA
0.41507,0.125,6.7082,148.9032,12.0402,0.0005999,0.170599,0.53737,NA
0.5228,0.125,8.8331,92.0022,47.5646,0.0070639,0.269991,11.739905,NA
0.45938,0.125,1.4671,177.6188,85.0676,0.0047034,0.121179,6.37497,NA
0.13011,0.125,8.2069,182.7372,40.2096,0.0091222,0.899672,3.745045,NA
0.77193,0.125,4.8619,42.4942,54.5004,0.0050743,0.145011,10.280885,NA
0.22195,0.125,0.9775,22.7672,0.9578,0.0010607,0.480399,5.025695,NA
0.38557,0.125,2.5012,158.4836,32.4076,0.0081676,0.217883,7.684205,NA
0.8564,0.125,3.0112,109.251,49.444,0.0006626,0.576528,11.241795,NA
0.1482,0.125,3.6695,149.5344,99.0895,0.0046529,1.035293,9.0413,NA
0.22586,0.125,5.789,4.4932,59.4615,0.0067357,0.061187,5.191955,NA
0.45395,0.125,9.8916,65.3576,59.4671,0.0005239,0.696331,13.33325,NA
0.62068,0.125,5.1945,59.4878,70.2604,0.0013002,0.000361,8.03265,NA
0.22098,0.125,3.3112,191.0248,13.7938,0.0053871,0.122936,13.56393,NA
0.07709,0.125,0.8641,9.7978,56.2607,0.0014679,0.678412,11.973565,NA
0.92254,0.125,2.6723,41.371,59.3964,0.0091721,0.872285,3.889695,NA
0.57447,0.125,7.9816,2.868,57.8792,0.0009509,0.707095,6.893655,NA
0.64217,0.125,8.3296,69.3576,80.592,0.0086799,0.644943,15.580305,NA
0.18927,0.125,4.867,76.0254,23.2029,0.0035846,0.335642,2.859405,NA
0.10724,0.125,0.4482,27.8638,53.1004,0.0015608,0.268533,14.519025,NA
0.19047,0.125,6.2422,194.8988,15.7438,0.0051492,1.003777,10.664015,NA
0.49116,0.125,1.1183,60.8976,76.3214,0.0091864,0.902831,14.03372,NA
0.1729,0.125,0.863,108.2416,74.7575,0.0098774,0.82374,0.261315,NA
0.69897,0.125,4.0291,20.7656,55.9024,0.0036371,0.762605,6.091215,NA
0.86696,0.125,9.0338,68.5502,88.8035,0.0029018,0.696618,0.019855,NA
0.38902,0.125,0.1163,52.1632,83.3237,0.0093897,0.186353,3.435575,NA
0.39746,0.125,6.2726,108.9806,29.7421,0.0047186,0.278431,4.84544,NA
0.96349,0.125,9.8198,23.0376,67.6836,0.0032377,0.318442,9.78725,NA
0.39423,0.125,9.5266,75.672,60.658,0.0028444,0.94904,2.530095,NA
0.34126,0.125,3.1462,35.0278,7.8791,0.0075595,0.878628,0.46706,NA
0.45099,0.125,1.8536,52.1542,87.2304,0.0004559,0.51187,6.003145,NA
0.88753,0.125,5.3921,174.1202,59.6041,0.0099535,0.047065,11.76992,NA
0.86462,0.125,9.3659,177.4804,65.2518,0.0067238,1.051952,1.659045,NA
0.51313,0.125,5.1645,157.2406,14.3376,0.0013913,1.044112,9.63149,NA
0.54874,0.125,3.9614,185.5602,84.3161,0.0098571,0.440702,11.94405,NA
0.77527,0.125,3.6241,191.786,22.5561,0.0042371,0.693277,5.969305,NA
0.49925,0.125,2.6139,86.1988,24.3282,0.0071161,0.276327,0.71032,NA
0.87104,0.125,4.5694,104.9162,82.0325,0.0021716,0.326297,8.58729,NA
0.3496,0.125,7.9631,144.83,42.2157,0.0067077,1.036493,2.897075,NA
0.80249,0.125,6.4546,115.0266,90.0781,0.006566,0.43094,8.55022,NA
0.4398,0.125,2.9791,0.4048,17.4137,0.0077011,0.275558,3.645875,NA
0.29082,0.125,3.5552,159.4566,71.5277,0.0019966,0.136804,9.515385,NA
0.91402,0.125,1.215,59.268,74.9632,0.002727,0.699019,9.462175,NA
0.21251,0.125,0.2133,13.451,20.8793,0.0022861,1.032356,3.055945,NA
0.62695,0.125,4.7243,28.2878,12.0846,0.0059992,0.834668,5.25792,NA
0.3354,0.125,4.164,0.403,93.4018,0.0050275,0.674742,8.94525,NA
0.65465,0.125,0.5021,1.32,71.1711,0.0093097,0.687763,11.3464,NA
0.33964,0.125,3.616,46.1692,20.7359,0.0024356,0.918828,10.195765,NA
0.68764,0.125,4.2059,45.7162,40.3426,0.0027241,0.219075,4.0007,NA
0.65849,0.125,9.0084,12.013,43.0098,0.0091989,0.589944,14.160105,NA
0.06377,0.125,9.1977,37.774,75.7169,0.0027533,0.670925,7.908545,NA
0.63079,0.125,2.8937,162.3298,3.4096,0.0003389,0.468032,13.150735,NA
0.39488,0.125,2.108,198.2894,67.9549,0.0043037,0.348052,9.74561,NA
0.26896,0.125,5.8811,177.832,10.5766,0.0031847,0.946661,6.32885,NA
0.18534,0.125,1.9417,59.6392,50.8163,0.0030498,0.203222,15.45635,NA
0.74007,0.125,2.889,86.113,47.556,0.0021907,0.651,2.75628,NA
0.27267,0.125,7.4992,97.6108,46.5708,0.0080348,0.343032,4.264525,NA
0.25381,0.125,6.4152,117.9266,54.4853,0.0008017,0.923812,5.197215,NA
0.07321,0.125,7.1922,44.5936,98.2212,0.0096395,0.179398,15.12587,NA
0.38048,0.125,4.1906,171.6754,17.1132,0.0012439,0.295759,5.199065,NA
0.36595,0.125,2.9031,122.7426,50.3849,0.0091807,0.092269,9.719655,NA
0.63021,0.125,7.8174,55.433,17.7702,0.0048137,0.97454,10.851645,NA
0.97612,0.125,4.6696,19.7048,13.1523,0.0023113,0.339226,8.475175,NA
0.02977,0.125,1.3475,70.0274,2.038,0.0029699,0.48938,13.77026,NA
0.82317,0.125,0.5446,143.1312,93.8244,0.005596,0.098765,11.29791,NA
0.36836,0.125,8.8605,180.6322,73.6362,0.0034283,0.314801,12.204165,NA
0.02107,0.125,7.5506,53.2338,91.325,0.0041626,0.061282,1.724875,NA
0.19673,0.125,9.0223,168.2404,61.1472,0.0044674,0.153302,3.82183,NA
0.30103,0.125,7.3682,156.13,47.7419,0.0053507,0.738169,14.72541,NA
0.07088,0.125,7.928,177.0878,83.2134,0.0019886,0.681235,11.10324,NA
0.24493,0.125,1.8062,130.5904,49.8698,6.64E-05,0.322448,2.077635,NA
0.76671,0.125,1.1286,25.4176,90.7739,0.0088936,0.562743,1.15391,NA
0.61943,0.125,2.6369,15.5374,33.1885,0.004304,1.003656,5.883335,NA
0.1191,0.125,2.8932,41.3192,36.7939,0.006887,0.336372,6.70325,NA
0.46371,0.125,2.9946,12.1374,24.0135,0.0074198,0.097112,4.138935,NA
0.48545,0.125,4.4726,159.1904,70.332,0.0055658,1.005817,1.906255,NA
0.53898,0.125,6.1958,156.7218,7.5929,0.0027148,0.237106,2.396405,NA
0.34897,0.125,3.4698,159.1254,25.7107,0.0048624,0.138338,13.4283,NA
0.80738,0.125,1.9307,156.1978,51.449,0.0015301,0.55049,10.566175,NA
0.93734,0.125,7.244,144.9756,72.4597,0.004372,0.416899,9.913625,NA
0.67368,0.125,2.8529,166.2852,88.2339,0.0040633,0.69971,2.197,NA
0.67592,0.125,2.7014,74.0828,72.9745,0.0068553,0.435551,3.68417,NA
0.41215,0.125,1.0227,133.863,30.3437,0.0092403,0.484216,15.304575,NA
0.58347,0.125,3.489,45.7092,15.0321,0.0073016,0.343001,6.949285,NA
0.16523,0.125,0.5245,56.3964,34.8152,0.009103,0.595851,9.0483,NA
0.04242,0.125,9.4187,109.6558,81.306,0.0088674,0.849102,6.23002,NA
0.44039,0.125,8.5354,57.0176,70.6285,0.0057916,0.909847,2.716005,NA
0.7348,0.125,7.793,61.2432,39.8487,0.0071092,0.722164,14.47155,NA
0.73567,0.125,5.0809,174.8194,75.8508,0.003498,0.079361,13.293425,NA
0.93749,0.125,1.5257,119.0764,91.4932,0.0043804,0.389629,9.48182,NA
0.34593,0.125,1.7813,140.2044,78.9266,7.66E-05,0.365458,12.17999,NA
0.86103,0.125,9.1755,151.0178,66.2673,0.0032515,0.699305,1.488205,NA
0.21724,0.125,2.0931,136.7546,32.1079,0.0047923,0.693081,14.02382,NA
0.69779,0.125,8.1896,190.0218,0.9396,0.0046704,0.324745,12.424035,NA
0.91645,0.125,3.9685,19.6552,12.1229,0.0095192,0.467896,10.788565,NA
0.24074,0.125,1.3193,28.8948,75.7485,0.0060065,0.204562,7.233815,NA
0.36404,0.125,2.2121,25.9154,48.9279,0.0048493,0.52902,11.22387,NA
0.56858,0.125,1.3721,120.7048,43.5632,0.0003261,1.063969,12.9667,NA
0.16956,0.125,9.0936,121.9318,20.7274,0.0055852,0.45873,6.345705,NA
0.56579,0.125,9.3724,124.8924,16.0247,0.0093066,0.349847,9.406365,NA
0.55703,0.125,1.9804,161.7038,53.3949,0.0083846,0.286235,8.223925,NA
0.8058,0.125,6.5616,192.7722,90.8089,0.0088085,0.408635,14.12297,NA
0.11172,0.125,6.0129,102.119,44.7336,0.0074209,0.951279,7.750895,NA
0.679,0.125,9.4492,71.893,62.3569,0.006829,0.098732,3.141025,NA
0.74809,0.125,3.2288,128.6282,1.4325,0.0041417,0.638269,2.339935,NA
0.87828,0.125,5.0344,26.6734,55.5899,0.0047151,0.876367,11.55929,NA
0.8356,0.125,0.6548,9.3012,83.4045,0.0084333,0.453395,14.893785,NA
0.73771,0.125,9.1183,58.9536,23.6124,0.0070659,0.138813,4.048745,NA
0.73193,0.125,3.2926,103.736,80.3244,0.0053663,0.762678,4.554325,NA
0.10387,0.125,8.7157,33.24,66.6504,9.87E-05,1.049414,0.657095,NA
0.30865,0.125,2.5331,190.6614,95.8203,0.0036206,0.498116,4.028925,NA
0.21222,0.125,4.3158,163.1362,0.9118,0.0040824,0.417511,11.6511,NA
0.78978,0.125,5.809,172.4494,96.2487,0.0097505,0.152829,2.636135,NA
0.25858,0.125,8.748,13.0376,79.077,0.0033879,1.064795,4.821335,NA
0.79931,0.125,9.4695,61.308,75.646,0.0033115,0.152674,0.56499,NA
0.4969,0.125,4.0921,167.5944,99.8642,0.009439,0.672544,8.347,NA
0.99944,0.125,1.2388,8.8176,92.0206,0.0006417,0.241084,5.965375,NA
0.80066,0.125,4.9271,47.4546,61.6778,0.0086679,0.135899,9.781325,NA
0.42103,0.125,9.4438,24.5042,1.4605,0.0002039,0.896554,4.07403,NA
0.18123,0.125,5.6339,22.4014,3.4206,0.0095057,0.732349,9.701535,NA
0.51587,0.125,7.4917,97.5926,61.103,0.0013462,0.893222,9.93238,NA
0.80627,0.125,1.5198,165.0008,75.5608,0.0004893,0.786125,5.104385,NA
0.82539,0.125,6.4499,80.279,33.6348,0.0075454,0.069268,1.30747,NA
0.51783,0.125,8.7512,27.4998,70.8124,0.007223,0.680989,6.802055,NA
0.75363,0.125,3.4912,24.7276,35.4246,0.000338,0.821288,1.86636,NA
0.37309,0.125,7.8175,146.7976,73.0201,0.0052327,0.387013,9.93381,NA
0.34746,0.125,1.7138,19.4004,16.5162,0.0023123,1.057543,11.669235,NA
0.46975,0.125,2.0082,80.9172,42.2086,0.0002923,0.923256,8.54895,NA
0.90698,0.125,0.3037,44.8542,20.2399,0.0074087,1.07461,6.597925,NA
0.41823,0.125,9.6392,43.081,1.2087,0.0091783,0.209859,15.254325,NA
0.76959,0.125,7.1264,178.0608,35.3604,0.002995,0.986708,3.72433,NA
0.6171,0.125,6.8346,56.5466,33.9152,0.0060639,0.895277,11.27471,NA
0.28622,0.125,1.5495,101.1922,73.7743,0.0058522,0.493121,2.03818,NA
0.22468,0.125,4.8946,102.2324,46.8534,0.0055073,0.162847,8.23027,NA
0.07408,0.125,3.5571,95.1592,13.6793,0.0049577,0.754543,3.382775,NA
0.07768,0.125,0.3012,24.201,3.601,0.0006622,0.548931,8.61359,NA
0.81483,0.125,0.1008,110.9626,26.8053,0.0085471,0.275766,10.036645,NA
0.74419,0.125,9.7402,187.9898,42.7105,0.0093204,0.337181,1.12336,NA
0.69675,0.125,5.6029,52.417,62.7226,0.0067126,0.730556,10.94231,NA
0.47723,0.125,1.3197,9.5512,54.2954,0.0033228,0.885887,11.44457,NA
0.2029,0.125,1.4482,129.7202,95.3458,0.0051002,0.505595,9.844595,NA
0.02149,0.125,5.6223,147.6148,70.337,0.0080576,1.044089,12.09391,NA
0.03754,0.125,9.2496,175.9626,86.0619,0.0002743,0.917134,12.885645,NA
0.34736,0.125,4.4624,25.7508,91.4214,0.0098832,0.184726,2.528915,NA
0.12271,0.125,1.1239,92.7464,95.1914,0.007827,0.57387,3.273935,NA
0.7031,0.125,2.7207,27.4522,19.1055,0.0081884,0.231495,7.538195,NA
0.60061,0.125,6.3356,62.5452,47.9345,0.0005129,0.432589,3.59386,NA
0.94192,0.125,8.6189,39.5902,91.8695,0.0087897,0.084073,5.140585,NA
0.2918,0.125,2.2444,184.6012,2.0093,0.0088872,0.024855,7.169845,NA
0.74691,0.125,6.3484,65.5496,63.2462,0.0048034,0.257473,12.273095,NA
0.59193,0.125,4.1976,163.9184,78.4127,0.0021603,0.746451,6.84102,NA
0.39305,0.125,4.4016,193.3148,75.0593,0.0099274,0.306044,4.645335,NA
0.4004,0.125,4.5145,57.9094,66.3446,0.0071271,0.046425,5.87293,NA
0.0355,0.125,8.6541,149.8932,36.1713,0.0042234,0.035688,5.99299,NA
0.84926,0.125,1.925,1.5088,54.6885,0.0084796,1.032004,4.078535,NA
0.61922,0.125,6.0041,115.6928,29.6886,0.0080207,0.035895,10.49968,NA
0.47466,0.125,4.774,82.3002,9.4312,0.0001386,0.409468,7.78744,NA
0.24978,0.125,6.4131,145.3794,66.6823,0.0013969,0.671532,7.46171,NA
0.37577,0.125,6.7728,179.3612,29.7228,0.0005936,0.137665,4.021205,NA
0.12465,0.125,2.0426,2.0446,95.9051,0.0067361,0.829255,14.213735,NA
0.56664,0.125,7.8923,66.5488,41.1582,0.0036212,0.306,5.0477,NA
0.30267,0.125,3.8788,173.5932,8.9549,0.0072542,0.772789,0.582655,NA
0.29936,0.125,1.1015,170.6956,54.9767,0.002351,0.65348,7.049075,NA
0.42183,0.125,1.9433,188.3976,86.7117,0.0017369,0.666703,10.489235,NA
0.93922,0.125,1.188,94.4322,76.46,0.0061919,0.8506,5.782485,NA
0.91077,0.125,3.6772,133.0162,35.6609,0.0019322,0.856642,5.65822,NA
0.75392,0.125,9.3652,75.0668,19.3648,0.006182,0.481051,13.359105,NA
0.51539,0.125,3.465,164.169,7.7699,0.0089146,0.362069,11.205785,NA
0.8395,0.125,6.8987,24.6142,0.4525,0.0084888,0.66173,2.2188,NA
0.94175,0.125,3.9548,119.0104,14.5405,0.0080347,0.538954,13.4702,NA
0.81537,0.125,7.9061,80.421,55.9138,0.0026163,0.062311,5.44939,NA
0.98189,0.125,9.1746,28.36,57.414,0.0082044,0.030843,0.715735,NA
0.29197,0.125,9.8101,20.2512,49.7176,0.0052341,0.12938,2.878815,NA
0.02494,0.125,2.8869,107.3692,78.3798,0.0014336,0.586591,1.97123,NA
0.01617,0.125,5.7326,191.8456,95.3742,0.0098862,0.389851,7.515755,NA
0.80318,0.125,0.9512,10.9698,9.4948,0.0001213,0.373528,1.13113,NA
0.96274,0.125,3.0532,112.9582,32.4535,0.0045106,0.938215,2.260715,NA
0.23346,0.125,8.4888,174.0434,30.8836,0.0039674,0.696047,7.83026,NA
0.30363,0.125,0.8848,129.8254,55.6452,0.0071478,1.070497,10.930255,NA
0.93463,0.125,5.6734,194.1114,70.5032,0.0070339,0.399836,0.706105,NA
0.37262,0.125,8.43,86.5022,66.2301,0.0030375,0.826653,3.15372,NA
0.05664,0.125,8.9118,11.2992,15.464,0.0047275,0.280386,3.050635,NA
0.89248,0.125,5.7752,74.0178,78.9606,0.0072311,0.604114,3.954595,NA
0.62819,0.125,8.7619,181.3778,29.6665,0.0019124,0.350913,6.420645,NA
0.32546,0.125,1.6357,58.969,94.4798,0.0063135,0.130612,3.453715,NA
0.44391,0.125,9.8096,138.6322,13.2418,0.0041553,0.624899,4.652585,NA
0.79971,0.125,7.0037,159.625,60.1994,0.0082786,0.599923,13.69841,NA
0.945,0.125,1.3616,148.7002,64.6951,0.009639,0.40725,5.961225,NA
0.30523,0.125,3.2779,41.3988,72.4098,0.0094527,0.501944,10.922275,NA
0.89839,0.125,2.4986,26.697,96.5085,0.0091908,0.702574,1.476625,NA
0.7122,0.125,7.8083,4.2426,13.9077,0.0085636,0.450116,5.327375,NA
0.96188,0.125,4.3306,130.7706,87.5414,0.0055169,0.105121,4.6191,NA
0.22955,0.125,4.5454,100.2848,92.6662,0.0023119,0.196787,2.580975,NA
0.75245,0.125,9.3429,148.9752,83.0395,0.0006939,0.686978,14.877905,NA
0.70887,0.125,3.8248,47.9264,47.2024,0.0022544,0.040625,12.371355,NA
0.86725,0.125,6.2311,172.4084,55.8837,0.0054704,0.610186,0.312925,NA
0.02535,0.125,9.6388,168.081,14.2408,0.0067481,0.308498,14.11865,NA
0.20024,0.125,0.6681,136.0918,86.1463,0.0059555,0.033004,13.362745,NA
0.68783,0.125,0.3204,96.427,55.4159,0.0023111,0.802921,5.404255,NA
0.32653,0.125,1.4004,32.5084,83.7403,0.0073572,1.041311,7.80292,NA
0.45387,0.125,5.6637,156.6752,21.1009,0.004262,0.301531,6.623895,NA
0.24882,0.125,5.6706,141.6776,16.2869,0.0080767,0.52152,8.71139,NA
0.23976,0.125,2.458,79.667,68.1327,0.0090112,0.760047,6.4579,NA
0.8523,0.125,9.5836,188.868,8.9837,0.0084427,1.044661,8.90631,NA
0.2731,0.125,6.2304,195.9974,14.6837,0.0049101,0.58866,13.39454,NA
0.18528,0.125,2.7586,93.8702,20.6395,0.0087591,0.975603,10.254975,NA
0.50829,0.125,7.8463,44.8242,20.4078,0.0040796,0.406845,4.274575,NA
0.20117,0.125,5.6001,132.5864,26.2394,0.0049513,0.722448,4.245415,NA
0.81441,0.125,7.1788,186.9062,33.9238,0.0040957,0.853273,14.74331,NA
0.10614,0.125,1.9206,88.4638,78.1282,0.0080399,0.840397,10.466085,NA
0.42944,0.125,4.1539,67.1936,12.0925,0.0046952,0.543916,8.38841,NA
0.49671,0.125,1.0148,106.1416,98.8492,0.0082586,0.469977,2.510915,NA
0.28635,0.125,3.1401,199.9008,34.2654,0.0017265,0.694912,2.180035,NA
0.16847,0.125,9.9436,199.896,81.2982,0.0007094,0.978856,13.942555,NA
0.49857,0.125,7.6698,71.8862,42.0154,0.0076201,0.661092,13.057385,NA
0.42329,0.125,6.0003,189.2832,29.5367,0.0080164,0.824989,11.97427,NA
0.28359,0.125,0.3325,41.5386,50.9481,0.007156,0.577459,8.917435,NA
0.97232,0.125,7.667,144.5162,49.005,0.0056165,0.945668,6.017555,NA
0.43098,0.125,8.2847,28.902,90.1955,0.0006323,0.199779,8.81605,NA
0.94958,0.125,6.8642,10.8942,50.6548,0.0097013,0.32725,15.05215,NA
0.02743,0.125,4.7992,170.4438,10.9443,0.0030267,0.501006,2.3329,NA
0.39847,0.125,8.1519,170.1962,31.5661,0.0013523,0.585921,10.814805,NA
0.5389,0.125,6.186,158.3534,68.9432,0.0045468,0.444523,0.986385,NA
0.83671,0.125,5.4256,28.9864,76.0133,0.0055486,0.747653,1.185275,NA
0.00936,0.125,3.623,68.1438,65.6961,0.0073205,0.555325,7.299945,NA
0.55449,0.125,7.5329,46.4476,76.0535,0.0028532,0.775311,8.444365,NA
0.41734,0.125,8.9947,144.43,26.5905,0.0010126,0.820165,8.62928,NA
0.7292,0.125,3.3952,168.8444,56.7145,0.0042834,0.089827,2.82208,NA
0.80795,0.125,0.4239,157.6088,84.2275,0.0076097,0.737051,14.314165,NA
0.42053,0.125,6.797,119.4426,65.2055,0.0093172,0.996478,0.28694,NA
0.02337,0.125,8.9151,55.4136,96.9177,0.0031728,0.503895,7.29117,NA
0.76549,0.125,6.258,92.794,43.9429,0.0036146,0.63902,12.921005,NA
0.97135,0.125,7.0663,88.3456,72.5146,0.0037128,0.562429,9.35765,NA
0.7643,0.125,2.1203,46.0164,38.6884,0.0031175,0.268012,15.041865,NA
0.34668,0.125,5.9662,59.1178,63.8726,0.0057949,0.142705,6.777965,NA
0.60403,0.125,4.5598,129.3664,72.7227,0.002169,0.745403,14.5354,NA
0.54477,0.125,5.4179,133.3408,68.0997,0.0005862,0.50567,8.42946,NA
0.08254,0.125,7.1494,108.0514,76.4266,0.0008291,0.799753,12.975975,NA
0.41621,0.125,9.7436,54.6068,48.4641,0.0010704,0.911609,10.55245,NA
0.69798,0.125,3.488,165.721,49.6607,0.0085379,0.63008,13.95152,NA
0.84838,0.125,7.1516,7.0078,5.5163,0.0095821,0.639939,11.737135,NA
0.53812,0.125,8.4645,78.688,95.3349,0.0089246,0.491942,7.88471,NA
0.78233,0.125,7.4952,139.2844,54.2667,0.0048714,0.857314,8.9973,NA
0.06305,0.125,3.988,51.7104,28.8066,0.0093615,0.947563,6.23914,NA
0.73053,0.125,2.8915,134.557,40.9056,0.0067576,0.353465,11.03266,NA
0.86842,0.125,2.8377,177.2474,58.5143,0.0003444,0.153755,7.03894,NA
0.23746,0.125,7.6568,16.8054,89.9338,0.0006573,0.768094,2.33753,NA
0.93835,0.125,6.1905,70.6438,52.2759,0.0012127,0.36518,15.476605,NA
0.34243,0.125,0.2992,103.1222,29.6654,0.000106,0.74863,7.78814,NA
0.52035,0.125,3.467,81.1028,28.3395,0.0038581,0.990246,1.28477,NA
0.48556,0.125,7.6033,107.7176,40.8292,0.0006017,0.556031,0.90281,NA
0.01687,0.125,2.4299,43.7238,65.3904,0.0068499,0.278903,10.55191,NA
0.76742,0.125,6.5508,50.2194,65.8297,0.0094926,0.82011,14.206815,NA
0.27579,0.125,0.1715,179.363,16.867,0.0017216,1.071377,2.88653,NA
0.25751,0.125,3.5936,18.535,41.9146,0.0006494,0.058321,2.277235,NA
0.10931,0.125,0.5918,194.0318,70.1816,0.0094095,0.964297,1.97657,NA
0.83697,0.125,9.6815,198.463,65.6341,0.0057581,0.332226,7.84543,NA
0.78928,0.125,8.1791,39.4714,86.2029,0.0029697,0.394735,1.188985,NA
0.38778,0.125,0.9774,176.0804,36.4694,0.0048652,0.135394,7.37403,NA
0.44412,0.125,9.8895,62.778,20.1134,0.0019871,0.114698,13.344565,NA
0.19728,0.125,4.2173,51.0476,82.6619,0.0079439,0.627803,12.924055,NA
0.89906,0.125,8.904,158.0206,8.4829,0.0085537,0.568659,9.35858,NA
0.64574,0.125,0.3569,139.801,60.8945,0.00939,0.179387,12.76934,NA
0.89796,0.125,8.3267,128.8584,49.4595,0.0007687,0.896241,2.36769,NA
0.6501,0.125,1.2844,183.6294,18.0955,0.0013912,0.642453,13.877905,NA
0.79885,0.125,3.0362,195.0066,31.0674,0.0096284,0.703546,8.975325,NA
0.52356,0.125,2.9333,100.7278,37.8117,0.0019866,0.697403,11.25266,NA
0.37808,0.125,9.5237,65.538,29.0051,0.0068707,0.335183,4.054665,NA
0.65301,0.125,7.2237,145.1364,81.9401,0.0050702,0.000871,5.763895,NA
0.52258,0.125,7.0338,145.4722,32.1161,0.0099272,1.029003,11.58242,NA
0.32078,0.125,8.317,198.7868,5.9502,0.0042058,0.930536,4.01707,NA
0.38009,0.125,2.4644,65.1928,83.9866,0.0091272,0.777667,11.44425,NA
0.12318,0.125,8.2492,62.261,67.4524,0.0066571,0.591996,2.51088,NA
0.70039,0.125,7.0682,133.1492,89.7506,0.0073857,1.030739,15.08901,NA
0.22368,0.125,4.3514,170.6008,19.9991,0.0049134,0.643224,1.96914,NA
0.03204,0.125,5.321,177.0692,87.6257,0.0062972,0.181631,5.32983,NA
0.47333,0.125,2.932,90.0192,71.5717,0.0057733,1.001936,10.01958,NA
0.04447,0.125,7.7423,106.2208,50.4736,0.0075216,0.136141,15.59595,NA
0.78964,0.125,0.4948,138.953,10.8376,0.0058457,0.825742,0.07341,NA
0.90634,0.125,6.7281,65.5776,2.4132,0.001272,0.476407,0.500365,NA
0.30216,0.125,8.3184,120.25,91.2897,0.0056975,0.639242,13.410265,NA
0.13447,0.125,9.0496,194.5766,54.1091,0.0078865,1.036984,8.54542,NA
0.25532,0.125,8.4224,145.3546,18.5016,0.0025392,0.058866,15.32052,NA
0.88682,0.125,2.2783,174.1286,15.2162,0.0025439,0.70462,11.67325,NA
0.30963,0.125,7.4918,81.9646,27.4745,0.0062101,1.054145,1.053195,NA
0.01464,0.125,6.1314,37.9206,35.4971,0.0072686,0.063722,10.32585,NA
0.08431,0.125,7.9337,177.727,82.6235,0.0080822,0.699789,6.809805,NA
0.43691,0.125,1.907,21.2602,30.7022,0.0054391,0.900158,7.432075,NA
0.82678,0.125,3.3807,175.5684,80.9588,0.0027915,0.471941,2.387005,NA
0.59012,0.125,1.2631,87.4702,6.4848,0.0038362,0.805123,9.94907,NA
0.16149,0.125,2.4131,54.6196,63.3562,0.0045222,0.439297,1.457655,NA
0.44178,0.125,6.775,190.9306,26.777,0.0021562,0.52753,15.3163,NA
0.66281,0.125,4.6189,53.127,94.0825,0.0025278,0.436628,6.88558,NA
0.82098,0.125,0.5731,50.4626,54.1169,0.0061938,0.980898,6.833385,NA
0.73871,0.125,4.2927,131.333,66.6904,0.0011737,0.791594,11.376765,NA
0.95779,0.125,7.2878,102.3384,10.9631,0.0069145,0.131843,6.215835,NA
0.96943,0.125,7.9669,141.9156,52.346,0.0067322,0.51139,9.512375,NA
0.2446,0.125,4.3281,181.6874,51.0587,0.0010265,0.619331,14.44414,NA
0.69597,0.125,9.9931,1.8112,16.6797,0.0054265,0.695488,7.292945,NA
0.68938,0.125,5.3104,16.8464,63.8254,0.0086045,0.141631,15.53835,NA
0.37039,0.125,8.1418,158.8554,86.9333,0.0057318,0.927646,11.19118,NA
0.89605,0.125,4.3228,111.2956,2.622,0.0066645,1.004494,0.500575,NA
0.54124,0.125,9.3614,186.378,43.8612,0.0077943,0.998359,15.07757,NA
0.41397,0.125,2.1609,3.9238,47.1258,0.0045833,0.347782,0.340155,NA
0.9736,0.125,3.8107,26.4678,38.8559,0.0031432,0.360289,12.82593,NA
0.94859,0.125,5.3291,22.5818,13.2222,0.0033545,0.6491,4.363505,NA
0.61669,0.125,7.1948,103.9302,20.096,0.0096356,0.567623,13.481965,NA
0.96616,0.125,7.5191,139.175,2.5425,0.0036281,0.590172,13.26745,NA
0.75789,0.125,3.5277,32.86,37.6832,0.0081072,0.564319,10.113525,NA
0.25538,0.125,3.4933,37.5108,96.8536,0.0097905,0.375263,5.344645,NA
0.18823,0.125,4.4501,53.3944,22.8827,0.0084757,0.47008,13.30318,NA
0.15957,0.125,5.9141,163.3058,43.6263,0.0016578,0.878245,8.839335,NA
0.36357,0.125,4.3662,122.5224,87.81,0.0030212,0.61204,2.514195,NA
0.33649,0.125,6.1792,59.0636,40.6633,0.0083059,1.066293,9.681365,NA
0.19472,0.125,1.2806,82.4262,96.6216,0.0042243,0.518794,10.47665,NA
0.11564,0.125,9.4168,175.9668,22.0566,0.0024569,0.983878,1.564085,NA
0.59719,0.125,0.9645,48.0264,85.6058,0.009605,0.470506,6.348175,NA
0.9177,0.125,1.7433,29.9242,11.7218,0.0001976,0.17771,5.89222,NA
0.1806,0.125,1.7011,44.0808,53.5618,0.0034161,0.772296,10.572485,NA
0.38126,0.125,5.9401,125.9846,7.3724,0.0080186,0.677981,9.96757,NA
0.72351,0.125,6.9035,32.5224,45.794,0.0091662,0.01854,14.84523,NA
0.85911,0.125,3.1304,128.2678,83.6945,0.0081888,0.99451,12.18548,NA
0.84573,0.125,8.7171,84.8752,46.608,0.0038191,0.987403,9.08597,NA
0.13539,0.125,6.3956,176.7186,50.7582,0.0047748,0.973869,10.95424,NA
0.14108,0.125,1.2613,0.6518,31.5621,0.0084437,0.09364,10.16756,NA
0.84725,0.125,3.9469,9.6998,9.6299,0.0052884,0.395416,15.294635,NA
0.55944,0.125,5.6988,59.5598,39.8495,0.0082964,0.460196,11.821995,NA
0.41894,0.125,6.5084,65.192,85.674,0.0010905,0.257164,12.04963,NA
0.30647,0.125,8.1422,28.1636,49.8522,0.0018821,0.794489,12.948575,NA
0.41955,0.125,2.9995,36.2348,46.6928,0.0072207,0.476225,12.631785,NA
0.09294,0.125,1.914,124.1588,14.1519,0.0099726,0.899193,0.77566,NA
0.30059,0.125,0.5389,175.8702,10.2873,0.004183,0.953635,9.282005,NA
0.12315,0.125,2.5365,81.6816,85.9141,0.0088421,0.969815,6.91948,NA
0.56482,0.125,2.9008,136.3216,48.6149,0.0017443,0.064485,0.65926,NA
0.10543,0.125,3.9535,121.0132,71.5114,0.0027291,0.611578,5.98545,NA
0.84108,0.125,9.8193,17.5228,91.2503,0.0090691,0.664621,7.80051,NA
0.75995,0.125,9.9343,94.579,68.9216,0.0099458,0.369205,2.401095,NA
0.18907,0.125,9.2949,35.6114,85.7016,0.0038781,0.19177,7.124805,NA
0.25468,0.125,4.8555,64.9912,73.7982,0.0016917,0.598527,2.216245,NA
0.81185,0.125,9.9739,159.7348,2.0133,0.0039228,0.605196,5.37238,NA
0.6241,0.125,1.8873,182.1188,55.3718,0.0002748,0.893921,8.63925,NA
0.51185,0.125,9.2568,117.0124,2.0308,0.0088777,1.001897,7.63485,NA
0.79553,0.125,8.4767,103.4292,80.1076,0.0090375,0.900364,2.48997,NA
0.58496,0.125,2.6526,0.1472,81.6085,0.0022368,0.403107,0.210215,NA
0.24771,0.125,6.0533,133.4958,84.7106,0.0052041,0.905778,12.49317,NA
0.07891,0.125,8.7572,22.96,25.2978,0.0066201,0.839758,5.94511,NA
0.09025,0.125,3.1344,185.6444,82.5918,0.0015732,0.909139,6.343655,NA
0.7621,0.125,7.8898,154.2962,8.3129,0.0006778,0.46536,12.937285,NA
0.70706,0.125,5.8056,49.0112,62.7056,0.0014303,0.167659,7.88623,NA
0.18511,0.125,3.9149,87.8328,89.7983,0.0024788,0.050738,13.64984,NA
0.9505,0.125,5.0969,52.1562,44.6092,0.0087487,0.829967,6.72022,NA
0.67867,0.125,0.4961,23.1912,69.2727,0.0095698,0.506712,0.38064,NA
0.56928,0.125,0.7709,91.3004,65.4851,0.0046557,0.109579,3.96081,NA
0.28139,0.125,6.6644,122.782,8.2817,0.0063409,0.940107,8.148645,NA
0.87335,0.125,3.7313,184.5432,53.7498,0.0038803,0.618781,5.075645,NA
0.68345,0.125,3.239,74.7936,74.8666,0.0022284,0.800778,2.352545,NA
0.20993,0.125,3.9882,185.095,0.5983,0.0032485,0.933174,10.114925,NA
0.38362,0.125,2.7275,71.0438,23.1529,0.0086641,0.360835,7.151255,NA
0.35622,0.125,0.2686,131.0424,32.644,0.0063667,0.300899,5.996445,NA
0.68569,0.125,4.3978,129.2368,87.4389,0.0011472,0.392562,14.064735,NA
0.182,0.125,3.673,59.2192,90.1046,0.0019455,0.203489,11.57938,NA
0.84304,0.125,2.8982,31.1112,83.5962,0.0024973,0.889323,3.81933,NA
0.76674,0.125,9.8547,33.2068,18.2868,0.0003028,0.786801,8.780465,NA
0.24833,0.125,7.3087,19.0596,39.7763,0.0045892,0.067327,9.477035,NA
0.26746,0.125,3.6548,125.5036,97.0456,0.0018138,0.637701,15.02893,NA
0.66663,0.125,6.192,177.586,94.366,0.0012313,0.104474,9.831915,NA
0.00176,0.125,1.3553,163.9144,45.759,0.0043238,0.505102,14.743455,NA
0.00377,0.125,6.7702,155.444,47.5065,0.001701,0.89551,7.85913,NA
0.63229,0.125,3.5829,136.8866,31.5605,0.0041075,0.99857,2.05493,NA
0.34551,0.125,9.9298,12.5048,17.8193,0.0063738,0.761724,0.22382,NA
0.58586,0.125,8.7861,5.3168,45.5093,0.0072683,1.050374,12.3986,NA
0.53907,0.125,6.7362,134.9618,46.1572,0.0007588,0.692228,0.687425,NA
0.83831,0.125,9.8068,196.6926,14.9668,0.0015343,0.323262,0.99851,NA
0.99983,0.125,0.2042,75.5088,15.4274,0.0033217,0.512197,2.07429,NA
0.73762,0.125,3.6867,0.3302,77.0206,0.0030423,0.675188,6.576885,NA
0.27726,0.125,9.4682,155.883,55.1356,0.0053526,0.999441,1.94521,NA
0.63087,0.125,6.0883,195.61,99.41,0.0075558,0.000635,12.257265,NA
0.04986,0.125,3.2064,171.5306,56.6142,0.0019496,0.586079,4.374885,NA
0.50464,0.125,8.6439,137.33,36.8049,0.0031263,0.521641,5.350235,NA
0.32314,0.125,3.5345,68.2982,63.1603,0.005325,0.289839,8.71561,NA
0.7595,0.125,8.9995,102.48,66.7123,0.0030801,0.782672,12.178295,NA
0.02547,0.125,5.3847,92.3114,33.7602,0.0077842,0.072758,14.20345,NA
0.03328,0.125,5.2367,39.1598,4.2809,0.0043264,0.550444,12.326055,NA
0.9155,0.125,5.1077,63.7624,67.1451,0.0023131,0.387495,11.30369,NA
0.02869,0.125,9.8545,130.5338,39.5276,0.0010798,1.010868,9.713075,NA
0.19716,0.125,7.4531,64.807,67.1851,0.0035401,0.080691,6.205535,NA
0.05166,0.125,5.9799,146.86,42.6213,0.0035813,0.530997,10.701995,NA
0.73482,0.125,5.7205,15.4812,71.9001,0.0028119,0.878402,2.929545,NA
0.56903,0.125,8.3236,120.8872,17.4661,0.0004355,1.035599,15.268855,NA
0.47413,0.125,4.0586,41.2204,64.9508,0.0073767,0.824516,1.225175,NA
0.33393,0.125,8.6573,46.7796,20.4093,0.0010643,0.061445,12.36035,NA
0.19315,0.125,0.1891,99.6358,38.1649,0.0006845,0.731128,1.794525,NA
0.99213,0.125,0.0437,44.1678,94.2505,0.0009125,0.164129,8.951815,NA
0.8711,0.125,4.41,97.5412,54.8777,0.0084154,0.887272,11.179615,NA
0.03675,0.125,6.8723,70.9562,24.974,0.0028388,0.048406,4.190635,NA
0.20594,0.125,8.1642,11.4594,19.8396,0.0011855,0.540049,6.16244,NA
0.53869,0.125,2.5739,185.2958,98.6416,0.0058226,0.0874,3.987655,NA
0.03203,0.125,8.8507,197.2606,4.6668,0.0011174,0.139174,0.337085,NA
0.83376,0.125,6.5288,132.7598,72.8685,0.0013554,0.176126,8.46639,NA
0.54158,0.125,0.9639,115.8068,51.7895,0.0027213,0.343805,12.71331,NA
0.77074,0.125,4.4961,29.1508,85.2998,0.0036164,0.409,6.9933,NA
0.90813,0.125,1.2499,9.458,75.7402,0.0035495,0.029314,2.761955,NA
0.37231,0.125,1.3351,61.4696,92.8203,0.0092651,0.822511,14.419615,NA
0.5073,0.125,2.2922,155.409,37.6214,0.0065112,0.539882,4.81606,NA
0.89899,0.125,5.528,11.4264,18.8063,0.0097579,0.636971,2.91674,NA
0.42699,0.125,9.5264,148.9224,2.1596,0.0030042,0.973518,5.55251,NA
0.96697,0.125,9.0821,110.4834,83.2143,0.0095059,0.280532,5.062945,NA
0.82988,0.125,7.6826,53.7996,93.0909,0.0068691,0.230709,15.197085,NA
0.35894,0.125,4.9963,68.497,34.6037,0.0081732,0.207234,14.299265,NA
0.57051,0.125,3.956,181.1334,79.569,0.0070191,0.511719,10.09276,NA
0.20237,0.125,3.1013,197.9456,90.4516,0.0088647,0.159938,9.915345,NA
0.40788,0.125,2.5155,174.7796,25.9475,0.0051063,0.859003,0.1928,NA
0.46622,0.125,3.9933,197.879,28.3285,0.0086595,0.571752,9.72729,NA
0.21478,0.125,1.56,10.0714,74.6863,0.0042242,0.064278,13.345725,NA
0.39198,0.125,4.092,73.4212,72.4276,0.0014029,0.053236,13.696975,NA
0.92611,0.125,6.9491,51.9928,40.2964,0.0020824,0.306921,5.84756,NA
0.43031,0.125,8.1201,57.8464,94.1208,0.0026457,0.586823,1.92621,NA
0.68732,0.125,3.0922,27.0714,8.3312,0.0089343,0.508016,5.337195,NA
0.76762,0.125,4.9013,117.6536,50.2351,0.0058038,0.419029,13.99131,NA
0.29518,0.125,8.5897,191.6788,23.5782,0.0084524,0.051237,6.848475,NA
0.23503,0.125,4.9684,113.2588,11.8301,0.0088642,0.39894,11.647145,NA
0.79179,0.125,7.4843,160.71,11.2153,0.008357,1.009102,0.71998,NA
0.92846,0.125,8.1551,120.3974,5.926,0.0093503,0.588163,1.85668,NA
0.90995,0.125,6.901,41.2698,56.1555,0.0005748,0.86616,11.729155,NA
0.90406,0.125,0.3081,188.2566,51.0102,0.0071901,0.244487,9.442255,NA
0.95119,0.125,4.8124,170.5098,81.7412,0.0023733,0.143044,9.901445,NA
0.12274,0.125,0.767,185.4046,50.2437,0.0049013,0.406948,3.991985,NA
0.19168,0.125,2.1707,3.9422,24.5126,0.0019201,0.101243,11.85622,NA
0.61217,0.125,1.8383,0.9826,72.3406,0.0022279,0.984661,7.317035,NA
0.01335,0.125,5.4582,124.2592,92.6857,0.0011469,1.004329,0.317695,NA
0.63757,0.125,8.7494,55.3712,61.6503,0.0034655,0.500855,12.29271,NA
0.69157,0.125,8.1706,12.6054,17.903,0.0001583,0.402855,8.57109,NA
0.96816,0.125,5.5075,90.4802,95.9482,0.0003359,0.78574,10.433335,NA
0.95,0.125,6.3469,160.3446,69.9294,0.0065419,0.124993,3.06844,NA
0.2625,0.125,1.3091,157.3092,91.8419,0.005745,0.57457,8.812105,NA
0.3689,0.125,2.4098,157.6098,67.3432,0.0022731,0.752914,13.0486,NA
0.004,0.125,8.5846,103.326,17.438,0.0010871,0.869278,3.99255,NA
0.34793,0.125,8.8461,102.7576,35.0714,0.0058745,0.551389,9.319945,NA
0.38088,0.125,9.5832,192.992,58.6887,0.0075419,0.795354,4.795855,NA
0.68455,0.125,7.4508,36.9616,16.1192,0.0038818,1.030551,10.89266,NA
0.31355,0.125,6.2601,17.78,30.8032,0.0042718,1.034547,5.967705,NA
0.58589,0.125,3.4512,64.1576,72.9524,0.0087434,0.527219,6.28945,NA
0.02329,0.125,6.9922,51.1842,85.8539,0.0096833,0.23723,1.999585,NA
0.51226,0.125,3.1306,106.0808,39.2627,0.0039435,0.161628,10.014255,NA
0.90091,0.125,2.9311,195.2724,56.4462,0.00313,0.3818,1.816405,NA
0.38428,0.125,1.7061,114.8596,60.8668,0.0023006,0.784068,4.065585,NA
0.26338,0.125,6.5645,44.8726,57.1288,0.0035449,0.882477,3.83846,NA
0.595,0.125,6.3673,163.0862,29.0509,0.0081287,0.148675,9.9006,NA
0.68773,0.125,3.7974,167.143,41.3788,0.0080157,0.979668,1.84079,NA
0.82828,0.125,9.7204,137.778,13.6443,0.0076446,0.982858,4.92181,NA
0.89407,0.125,9.2506,123.583,2.4506,0.0064414,0.71487,5.449265,NA
0.2394,0.125,1.6356,196.3036,38.5135,0.0093618,0.959224,0.095645,NA
0.76707,0.125,9.074,113.3748,38.0896,0.007598,0.292,12.28454,NA
0.7393,0.125,5.2237,116.9178,60.6006,0.0006864,0.855188,12.259105,NA
0.48786,0.125,1.3332,76.569,37.097,0.0045645,0.308765,3.07342,NA
0.83556,0.125,8.8942,159.8718,74.1816,0.0016684,0.154913,1.768805,NA
0.50178,0.125,3.7679,105.3826,77.8164,0.0006424,1.037849,15.218855,NA
0.93247,0.125,5.9963,57.775,66.1135,0.0098066,0.51609,5.627625,NA
0.34062,0.125,9.8527,8.815,54.2683,0.006575,0.064339,15.565675,NA
0.94966,0.125,5.182,119.1764,42.9159,0.0052253,0.647413,7.937965,NA
0.97311,0.125,5.6739,37.759,37.723,0.0062372,0.481355,6.54065,NA
0.84989,0.125,6.3892,174.4876,62.8142,0.0097033,0.132947,2.08767,NA
0.56815,0.125,5.729,96.9476,31.2654,0.0001099,0.530287,3.10386,NA
0.77498,0.125,3.9237,109.315,95.2077,0.0022728,1.074331,8.678675,NA
0.19132,0.125,5.7835,129.495,35.402,0.0053037,0.791675,2.790575,NA
0.917,0.125,9.4871,1.01,74.0411,0.0091346,0.641127,10.47275,NA
0.86203,0.125,2.6625,160.0898,75.7885,0.0084235,0.282605,14.49951,NA
0.99392,0.125,0.12,164.9632,0.2688,0.0077397,0.606672,1.501585,NA
0.68003,0.125,2.0655,117.7206,59.5052,0.001977,0.277476,8.726205,NA
0.51412,0.125,7.8725,132.66,16.4155,0.009614,0.119732,9.125565,NA
0.35593,0.125,8.0954,144.9816,96.9342,0.0096432,0.708028,1.15718,NA
0.74696,0.125,2.6065,62.0436,39.6913,0.0022862,0.552486,3.7011,NA
0.91948,0.125,4.2124,169.8458,15.3455,0.0045165,0.994995,15.38604,NA
0.37594,0.125,3.3003,61.521,27.2119,0.008852,0.548254,3.095175,NA
0.19776,0.125,0.7845,14.1022,61.1771,0.0065615,1.001142,8.80613,NA
0.85186,0.125,4.8044,71.9372,37.4078,0.0011156,1.003075,13.589135,NA
0.23641,0.125,2.5342,52.6144,16.0327,0.0003327,0.557173,0.42015,NA
0.32384,0.125,7.0743,21.4378,48.2471,0.0099936,0.81966,10.409945,NA
0.65418,0.125,3.3047,38.8404,97.251,0.0078757,0.877579,11.126305,NA
0.41467,0.125,4.9612,161.8316,41.0523,0.0007262,0.353469,12.61208,NA
0.25505,0.125,1.571,29.2538,13.5975,0.0022586,0.648661,12.385465,NA
0.65351,0.125,7.3583,151.5608,44.4902,0.0086741,0.840613,1.98873,NA
0.59281,0.125,0.4058,187.3224,37.8742,0.0056299,0.0248,13.309885,NA
0.61232,0.125,8.2341,133.621,48.9925,0.006788,0.01439,8.202375,NA
0.84825,0.125,4.7367,146.6788,90.7132,0.0082209,0.356361,11.850815,NA
0.95696,0.125,0.3056,115.6802,55.1735,0.0013023,0.229396,10.082205,NA
0.38337,0.125,8.8357,122.6154,89.9391,0.006017,0.23541,4.89515,NA
0.96237,0.125,0.6313,135.8392,85.5745,0.0048459,0.232189,0.287985,NA
0.3571,0.125,8.0479,112.4658,58.3078,0.0036934,0.822668,7.55706,NA
0.68402,0.125,8.9324,71.4562,62.9348,0.0032981,0.620323,6.60162,NA
0.6327,0.125,2.9052,101.6066,35.7766,0.0034324,1.002876,14.569445,NA
0.95158,0.125,4.3531,175.6804,23.7825,0.0061555,0.978156,4.270405,NA
0.23386,0.125,7.805,25.9858,10.3189,0.0010004,0.176086,1.68821,NA
0.02883,0.125,0.8649,34.779,97.9589,0.0032202,0.881264,14.24095,NA
0.55522,0.125,1.6588,187.748,78.3994,0.0042665,1.045663,12.59645,NA
0.64982,0.125,6.3052,15.752,51.0559,0.0056506,0.012258,0.641745,NA
0.39971,0.125,2.3795,0.248,17.3479,0.0080635,0.98124,0.08066,NA
0.12231,0.125,8.8046,126.1752,20.6543,0.0007499,0.053245,2.01849,NA
0.93675,0.125,9.8909,37.5042,30.6228,0.0051078,0.818622,1.760575,NA
0.46511,0.125,7.874,112.0484,80.7213,0.0062515,0.436788,3.11756,NA
0.95375,0.125,0.5061,110.1522,45.4617,0.0010031,0.365218,2.275995,NA
0.22517,0.125,9.5563,18.7144,13.6066,0.0015215,0.070336,9.254415,NA
0.04738,0.125,5.1083,188.7256,53.749,0.0045525,0.557113,4.393245,NA
0.06516,0.125,8.9839,197.7808,9.5234,0.002415,1.048815,13.523395,NA
0.02231,0.125,0.1221,34.8162,60.1116,0.0054416,0.646734,14.128495,NA
0.90268,0.125,1.9711,28.4846,71.0651,0.0019905,0.760786,9.527095,NA
0.69119,0.125,4.0113,189.8044,5.8194,0.0087874,0.615401,6.23433,NA
0.28822,0.125,3.2006,80.9586,96.9982,0.0089433,0.001765,13.62407,NA
0.71315,0.125,0.6121,110.6112,87.1807,0.0024491,0.532867,5.747885,NA
0.79001,0.125,3.1583,28.9032,96.9666,0.0009392,0.890763,9.6457,NA
0.70472,0.125,6.3446,8.151,22.0753,0.0023703,0.010685,6.317555,NA
0.04805,0.125,4.7478,9.8238,13.8016,0.0042106,1.017326,8.11832,NA
0.62012,0.125,2.4104,126.7092,8.5636,0.0036634,0.121558,15.157025,NA
0.68584,0.125,5.029,165.6384,16.9902,0.0047188,0.593097,13.709585,NA
0.2336,0.125,0.2053,5.389,87.4857,0.0007683,1.01414,13.034695,NA
0.07763,0.125,6.5039,65.143,28.9376,0.0078222,0.369704,14.469515,NA
0.51751,0.125,7.6185,66.4362,14.7845,0.0006306,0.858835,9.32064,NA
0.56628,0.125,8.8444,75.28,3.9096,0.0098251,0.126055,1.59348,NA
0.75663,0.125,9.1663,9.9012,92.3571,0.0072667,0.398621,12.47366,NA
0.59226,0.125,8.8726,177.9274,85.462,0.0099683,0.315083,1.628665,NA
0.1481,0.125,6.7875,197.1796,69.5235,0.0084237,0.151821,12.02862,NA
0.20925,0.125,0.1975,188.445,93.3796,0.002582,0.464692,2.74763,NA
0.54038,0.125,9.9357,17.1002,54.8701,0.0059686,0.90389,8.98696,NA
0.83425,0.125,0.8031,186.0212,49.4438,0.0077252,0.717315,5.6667,NA
0.07922,0.125,8.2306,21.5766,72.9662,0.0090579,0.878284,1.674135,NA
0.57399,0.125,2.5295,156.608,24.9833,0.0085984,0.769785,4.508095,NA
0.71236,0.125,4.9289,89.7858,97.5669,0.008667,0.259906,11.77585,NA
0.22741,0.125,1.1663,70.4798,64.9475,0.00016,0.738326,4.366775,NA
0.00789,0.125,5.3706,79.8352,9.2508,0.0089036,0.355763,5.229815,NA
0.97984,0.125,1.6568,194.1006,38.3367,0.0057612,0.07532,10.225095,NA
0.95439,0.125,5.1427,178.4762,36.2388,0.0032611,0.148831,0.601,NA
0.76677,0.125,9.9649,180.4092,97.7924,0.0080144,0.652069,13.16129,NA
0.00166,0.125,5.9161,158.0794,46.6358,0.0004288,0.495139,7.57492,NA
0.90913,0.125,1.5073,43.4896,66.1998,0.000979,0.193492,14.98977,NA
0.39352,0.125,6.4992,188.9316,68.692,0.0019426,0.770427,4.50712,NA
0.60378,0.125,3.7973,53.657,10.872,0.0074077,0.77604,13.16924,NA
0.71298,0.125,1.6494,49.8948,40.8153,0.002329,0.525393,7.93617,NA
0.96788,0.125,6.8242,0.6418,40.1858,0.0025097,0.801561,9.11657,NA
0.95268,0.125,9.5295,193.579,73.7385,0.0074928,0.163697,8.24154,NA
0.65611,0.125,1.7039,180.5012,42.9449,0.0027774,0.433991,8.47073,NA
0.11157,0.125,1.0283,45.8778,9.0687,0.0062567,0.108647,14.77653,NA
0.46055,0.125,5.0155,74.3514,89.3494,0.0081947,0.042429,2.79173,NA
0.38969,0.125,0.7012,51.295,57.195,0.0057806,0.662209,1.60429,NA
0.72268,0.125,6.6799,48.28,29.7395,0.0087777,0.51212,0.268925,NA
0.42765,0.125,1.467,16.4932,34.3523,0.0046782,0.65331,7.41693,NA
0.56025,0.125,8.1511,66.049,31.4242,0.0044672,0.07034,3.70862,NA
0.60408,0.125,1.2762,160.8834,94.052,0.0072211,0.49386,15.63635,NA
0.59311,0.125,5.9078,31.418,99.7818,0.0049283,0.714565,6.153625,NA
0.63314,0.125,5.495,21.791,8.7089,0.0026648,0.693724,6.688815,NA
0.31923,0.125,1.5038,45.6804,41.2399,0.0020585,0.83622,13.19032,NA
0.65078,0.125,6.9477,136.0646,97.3082,0.0040715,0.267067,3.02669,NA
0.22758,0.125,1.9302,115.6324,92.5892,0.0040501,0.144619,11.959905,NA
0.41872,0.125,5.5758,162.8024,25.3351,1.83E-05,0.412702,5.084095,NA
0.05499,0.125,2.1655,26.281,69.7188,0.0090209,0.534734,4.60483,NA
0.83357,0.125,9.7127,180.3416,96.4835,0.0019684,1.043652,5.22745,NA
0.24959,0.125,8.0664,21.3854,46.0608,0.0058251,0.58251,6.80542,NA
0.49771,0.125,8.7702,72.0714,89.1095,0.001434,0.547961,1.531345,NA
0.13787,0.125,1.77,33.403,50.5892,0.0092995,1.078642,10.299175,NA
0.68377,0.125,7.1726,85.3244,77.0779,0.003847,0.161476,2.671865,NA
0.00564,0.125,3.2556,31.916,18.5255,0.008075,1.002067,9.056585,NA
0.05932,0.125,3.0347,17.8008,25.5338,0.0080787,0.827931,13.173645,NA
0.14496,0.125,5.6391,31.7986,59.1708,0.0020709,0.468386,4.515925,NA
0.85447,0.125,0.2741,17.9796,3.0141,0.0028425,0.940435,2.233,NA
0.23703,0.125,1.6916,112.7978,62.3221,0.0045686,0.174321,0.211995,NA
0.36472,0.125,2.3854,6.4324,42.8299,0.0066304,0.421061,4.24047,NA
0.19197,0.125,0.7415,95.2706,10.0378,0.0033661,0.749276,1.623975,NA
0.11497,0.125,6.4776,155.7684,51.9066,0.0058463,0.4449,13.918875,NA
0.92353,0.125,3.2732,0.3224,32.3981,0.0051437,0.813154,14.21167,NA
0.79421,0.125,8.7778,106.2042,67.0116,0.0010824,0.836981,13.68462,NA
0.91148,0.125,8.0535,114.6474,82.7485,0.0073714,0.362457,10.377805,NA
0.59709,0.125,7.3949,145.4356,34.6534,0.0006173,0.793075,12.820955,NA
0.68238,0.125,5.0064,132.0304,59.8865,0.0071633,0.728031,6.566655,NA
0.69054,0.125,6.156,58.0186,7.0319,0.0014222,0.552447,3.282385,NA
0.76021,0.125,4.0302,155.4914,70.957,0.007367,0.774511,5.439955,NA
0.66337,0.125,7.2499,72.1872,32.3194,0.0074853,0.211219,6.809715,NA
0.55531,0.125,3.3668,20.9226,64.6426,0.0089319,0.815499,8.848105,NA
0.4988,0.125,2.1738,46.6008,88.8355,0.0083381,0.026079,13.1873,NA
0.79342,0.125,2.9739,151.2844,57.5051,0.0016818,0.738175,11.92874,NA
0.54992,0.125,0.9377,55.636,23.7904,0.0007575,0.873467,15.07044,NA
0.18719,0.125,2.7932,37.0856,19.9651,0.0086294,0.3324,5.9046,NA
0.7688,0.125,4.1511,94.0028,56.0734,0.0075806,0.240485,3.62451,NA
0.76042,0.125,2.7127,133.6932,40.4131,0.0065382,0.482744,5.76784,NA
0.03506,0.125,3.4551,46.3672,53.3755,0.0016303,0.590522,6.02622,NA
0.93071,0.125,2.0313,19.2214,81.658,0.0005374,0.819269,10.412965,NA
0.73398,0.125,3.9228,124.8348,55.2051,0.0080035,0.605508,12.77881,NA
0.27013,0.125,4.4411,170.2638,67.9514,0.0086392,0.704686,15.626385,NA
0.14031,0.125,5.9612,117.7714,24.2958,0.0079664,0.52865,5.41441,NA
0.81519,0.125,2.2921,181.0362,99.3161,0.0025566,0.238423,10.074135,NA
0.71033,0.125,8.7065,84.6976,69.2939,0.0053829,1.011969,1.23157,NA
0.0702,0.125,1.3379,157.7202,91.3344,0.0041431,0.395918,5.999055,NA
0.24059,0.125,8.422,7.916,79.2787,0.0046322,0.307012,10.85655,NA
0.74566,0.125,2.7966,106.85,21.8446,0.0018892,1.024356,1.391155,NA
0.63819,0.125,6.6109,140.2126,37.9901,0.0034868,0.793664,8.012075,NA
0.3351,0.125,8.5756,62.0134,18.2339,0.0076833,0.07096,1.182715,NA
0.33562,0.125,5.2948,29.359,51.9791,0.0037551,0.403281,2.0544,NA
0.69332,0.125,7.7095,96.4468,64.3323,0.0002121,0.215899,12.830715,NA
0.50314,0.125,8.1552,88.433,72.0823,0.0076267,0.6725,8.081035,NA
0.82056,0.125,5.9721,98.6906,92.8313,0.0044558,0.871815,14.12589,NA
0.15967,0.125,7.816,76.8852,32.1417,0.005822,0.101289,6.811585,NA
0.91025,0.125,7.4714,192.9392,57.4998,0.0051946,0.372619,3.22607,NA
0.62018,0.125,9.1553,44.6952,46.2141,0.008889,0.613609,1.23998,NA
0.81455,0.125,6.3905,97.2582,26.6026,0.0089044,0.042379,13.145905,NA
0.49273,0.125,3.1172,104.415,45.2796,0.009502,0.945912,14.398935,NA
0.51518,0.125,0.5417,180.0824,35.0805,0.0003205,0.406807,11.00803,NA
0.3657,0.125,1.7544,37.9218,84.3097,0.0083096,0.000996,10.480085,NA
0.84463,0.125,1.0292,179.078,41.7163,0.0083608,0.615934,3.315025,NA
0.16299,0.125,5.2309,50.101,26.8438,0.0054264,0.069792,7.309455,NA
0.89284,0.125,1.158,115.5268,39.9821,0.0072671,0.161945,2.727485,NA
0.74366,0.125,5.7559,19.1508,88.9999,0.0045375,0.440638,14.218845,NA
0.66796,0.125,7.0826,60.2952,79.479,0.0010025,0.913671,6.44659,NA
0.56422,0.125,3.1337,190.1318,55.4716,0.0014907,0.526832,9.76919,NA
0.51205,0.125,2.228,23.0158,81.5683,0.0086439,0.384488,6.795115,NA
0.7217,0.125,0.9277,180.2906,98.725,0.0012428,1.04312,15.242865,NA
0.02741,0.125,6.7775,197.1724,18.6724,0.0058188,0.496288,3.787385,NA
0.29337,0.125,9.812,184.3252,50.8263,0.0023857,0.762061,2.94451,NA
0.06447,0.125,0.644,136.3214,84.1518,0.0089717,0.392287,2.96721,NA
0.06978,0.125,6.1102,126.9876,19.9921,0.0046452,0.308031,14.103585,NA
0.69643,0.125,6.8855,13.6888,18.8239,0.0095446,0.775176,0.25854,NA
0.61062,0.125,5.8031,87.1918,48.8232,0.0055391,0.844152,3.68818,NA
0.9839,0.125,9.9751,175.7044,42.4964,0.0090582,0.699077,11.89539,NA
